date_d,date_depart,ship,mouillage,ravitaillage,nb_personne_monte,nb_personne_descendu,port,country
1958-07-16,1958-06-16,3,true,true,2008,2209,marseille,FRANCE
1958-08-16,1958-06-16,3,true,true,796,3627,London,ENGLAND
1991-05-23,1991-04-23,3,true,true,3117,1119,Oran,ALGERIA
1988-12-20,1988-11-20,4,true,true,1370,1486,Annaba,ALGERIA
1989-01-20,1988-11-20,4,true,true,94,3215,New York,UNITED STATE OF AMERICA
1989-02-20,1988-11-20,4,true,true,2438,110,marseille,FRANCE
1940-04-05,1940-03-05,4,true,true,589,1826,marseille,FRANCE
1983-03-24,1983-02-24,8,true,true,46,1,Oran,ALGERIA
1983-04-24,1983-02-24,8,true,true,35,0,Liverpool,ENGLAND
1983-05-24,1983-02-24,8,true,true,6,17,marseille,FRANCE
1992-05-25,1992-04-25,9,true,true,124,229,Oran,ALGERIA
1992-06-25,1992-04-25,9,true,true,1952,2715,Los Angeles,UNITED STATE OF AMERICA
1992-07-25,1992-04-25,9,true,true,1048,2492,Alger,ALGERIA
1925-01-14,1924-12-14,9,true,true,252,1297,Annaba,ALGERIA
1942-07-18,1942-06-18,9,true,true,293,473,Los Angeles,UNITED STATE OF AMERICA
1942-08-18,1942-06-18,9,true,true,541,530,Oran,ALGERIA
1942-09-18,1942-06-18,9,true,true,1155,1079,New York,UNITED STATE OF AMERICA
1942-10-18,1942-06-18,9,true,true,2650,2910,Oran,ALGERIA
2017-03-16,2017-02-16,9,true,true,2623,3181,New York,UNITED STATE OF AMERICA
1915-09-08,1915-08-08,11,true,true,39,50,Lisbonne,PORTUGAL
1915-10-08,1915-08-08,11,true,true,35,29,brest,FRANCE
1949-11-13,1949-10-13,17,true,true,430,97,Annaba,ALGERIA
1961-04-12,1961-03-12,20,true,true,1987,2830,Los Angeles,UNITED STATE OF AMERICA
1961-05-12,1961-03-12,20,true,true,1297,2002,New York,UNITED STATE OF AMERICA
1961-06-12,1961-03-12,20,true,true,980,788,marseille,FRANCE
1908-04-11,1908-03-11,20,true,true,1130,11,marseille,FRANCE
1908-05-11,1908-03-11,20,true,true,1369,1267,marseille,FRANCE
1908-06-11,1908-03-11,20,true,true,1840,1168,New York,UNITED STATE OF AMERICA
1968-04-17,1968-03-17,20,true,true,864,2619,Los Angeles,UNITED STATE OF AMERICA
1968-05-17,1968-03-17,20,true,true,1417,711,Los Angeles,UNITED STATE OF AMERICA
1975-01-11,1974-12-11,21,true,true,6,4,Liverpool,ENGLAND
1978-02-25,1978-01-25,22,true,true,28,52,Yingkou ,CHINA
2014-10-08,2014-09-08,23,true,true,35,43,Annaba,ALGERIA
2014-11-08,2014-09-08,23,true,true,2970,284,London,ENGLAND
1968-09-04,1968-08-04,23,true,true,301,2289,marseille,FRANCE
1968-10-04,1968-08-04,23,true,true,921,661,Alger,ALGERIA
1968-11-04,1968-08-04,23,true,true,1881,1745,Oran,ALGERIA
1970-03-20,1970-02-20,23,true,true,1717,2381,Oran,ALGERIA
1908-09-28,1908-08-28,24,true,true,266,273,Cochin,INDIA
1908-10-28,1908-08-28,24,true,true,25,64,Cochin,INDIA
1908-11-28,1908-08-28,24,true,true,32,159,la rochelle,FRANCE
1943-03-06,1943-02-06,27,true,true,109,2684,New York,UNITED STATE OF AMERICA
1943-04-06,1943-02-06,27,true,true,448,1049,Los Angeles,UNITED STATE OF AMERICA
1943-05-06,1943-02-06,27,true,true,1174,1599,London,ENGLAND
1943-06-06,1943-02-06,27,true,true,2630,177,Annaba,ALGERIA
1948-05-08,1948-04-08,29,true,true,1592,95,London,ENGLAND
1982-05-21,1982-04-21,29,true,true,966,1198,Alger,ALGERIA
1982-06-21,1982-04-21,29,true,true,168,240,New York,UNITED STATE OF AMERICA
1982-07-21,1982-04-21,29,true,true,1014,595,New York,UNITED STATE OF AMERICA
1973-12-11,1973-11-11,30,true,true,21,74,Yingkou ,CHINA
1974-01-11,1973-11-11,30,true,true,168,187,Annaba,ALGERIA
1920-08-25,1920-07-25,34,true,true,0,0,marseille,FRANCE
1920-09-25,1920-07-25,34,true,true,0,0,Salerne,ITALIE
1920-10-25,1920-07-25,34,true,true,0,0,Yingkou ,CHINA
1913-11-17,1913-10-17,37,true,true,51,210,la rochelle,FRANCE
1913-12-17,1913-10-17,37,true,true,61,69,Annaba,ALGERIA
1914-01-17,1913-10-17,37,true,true,103,78,Oran,ALGERIA
1973-09-01,1973-08-01,38,true,true,113,23,marseille,FRANCE
1973-10-01,1973-08-01,38,true,true,93,164,la rochelle,FRANCE
1948-11-07,1948-10-07,42,true,true,111,134,Liverpool,ENGLAND
1948-12-07,1948-10-07,42,true,true,99,322,Los Angeles,UNITED STATE OF AMERICA
1989-07-05,1989-06-05,44,true,true,1008,1519,London,ENGLAND
1989-08-05,1989-06-05,44,true,true,1317,3756,London,ENGLAND
1989-09-05,1989-06-05,44,true,true,24,638,Los Angeles,UNITED STATE OF AMERICA
1907-02-05,1907-01-05,44,true,true,2468,404,Los Angeles,UNITED STATE OF AMERICA
1995-03-07,1995-02-07,44,true,true,882,1488,Alger,ALGERIA
1995-04-07,1995-02-07,44,true,true,302,1564,Los Angeles,UNITED STATE OF AMERICA
1995-05-07,1995-02-07,44,true,true,1472,164,marseille,FRANCE
1945-08-08,1945-07-08,44,true,true,652,901,New York,UNITED STATE OF AMERICA
2012-12-07,2012-11-07,51,true,true,87,508,Alger,ALGERIA
2013-01-07,2012-11-07,51,true,true,524,201,New York,UNITED STATE OF AMERICA
1960-01-01,1959-12-01,53,true,true,387,435,London,ENGLAND
1960-02-01,1959-12-01,53,true,true,6,360,Oran,ALGERIA
1960-03-01,1959-12-01,53,true,true,230,106,Yingkou ,CHINA
1917-06-06,1917-05-06,53,true,true,632,20,Los Angeles,UNITED STATE OF AMERICA
1917-07-06,1917-05-06,53,true,true,78,58,Napoli,ITALIE
1917-08-06,1917-05-06,53,true,true,256,366,Elizabeth,SOUTH AFRICA
1918-12-27,1918-11-27,59,true,true,4,23,Liverpool,ENGLAND
1919-01-27,1918-11-27,59,true,true,9,4,Yingkou ,CHINA
1919-02-27,1918-11-27,59,true,true,47,36,Salerne,ITALIE
1919-03-27,1918-11-27,59,true,true,0,4,Barcelona,ESPAGNE
1957-01-04,1956-12-04,60,true,true,146,250,Los Angeles,UNITED STATE OF AMERICA
1957-02-04,1956-12-04,60,true,true,444,660,marseille,FRANCE
1957-03-04,1956-12-04,60,true,true,764,1555,Oran,ALGERIA
1957-04-04,1956-12-04,60,true,true,903,123,New York,UNITED STATE OF AMERICA
1966-06-12,1966-05-12,60,true,true,1271,1973,Alger,ALGERIA
1966-07-12,1966-05-12,60,true,true,21,1026,Annaba,ALGERIA
1948-05-15,1948-04-15,60,true,true,188,201,Los Angeles,UNITED STATE OF AMERICA
1915-05-08,1915-04-08,60,true,true,27,670,New York,UNITED STATE OF AMERICA
1915-06-08,1915-04-08,60,true,true,308,1195,Los Angeles,UNITED STATE OF AMERICA
1915-07-08,1915-04-08,60,true,true,992,293,Los Angeles,UNITED STATE OF AMERICA
1952-11-07,1952-10-07,60,true,true,674,1786,London,ENGLAND
1952-12-07,1952-10-07,60,true,true,1405,713,marseille,FRANCE
1992-01-17,1991-12-17,61,true,true,2,17,Elizabeth,SOUTH AFRICA
1992-02-17,1991-12-17,61,true,true,2,46,Yingkou ,CHINA
1992-03-17,1991-12-17,61,true,true,9,15,Lisbonne,PORTUGAL
1992-04-17,1991-12-17,61,true,true,16,5,Lisbonne,PORTUGAL
1962-12-11,1962-11-11,62,true,true,2855,1143,Annaba,ALGERIA
1963-01-11,1962-11-11,62,true,true,2176,2173,Annaba,ALGERIA
1963-02-11,1962-11-11,62,true,true,647,1936,marseille,FRANCE
1992-12-09,1992-11-09,62,true,true,370,472,New York,UNITED STATE OF AMERICA
1993-01-09,1992-11-09,62,true,true,250,1244,London,ENGLAND
1993-02-09,1992-11-09,62,true,true,1330,1110,London,ENGLAND
1927-04-14,1927-03-14,62,true,true,206,1522,Oran,ALGERIA
1927-05-14,1927-03-14,62,true,true,1672,180,New York,UNITED STATE OF AMERICA
1927-06-14,1927-03-14,62,true,true,2912,3365,Oran,ALGERIA
1900-06-23,1900-05-23,62,true,true,866,1388,Los Angeles,UNITED STATE OF AMERICA
1900-07-23,1900-05-23,62,true,true,759,388,Los Angeles,UNITED STATE OF AMERICA
1944-04-04,1944-03-04,66,true,true,45,13,Annaba,ALGERIA
1944-05-04,1944-03-04,66,true,true,111,118,Monreal,CANADA
1926-11-04,1926-10-04,67,true,true,350,934,Barcelona,ESPAGNE
1907-03-08,1907-02-08,70,true,true,766,261,Alger,ALGERIA
1922-05-08,1922-04-08,75,true,true,907,360,marseille,FRANCE
1922-06-08,1922-04-08,75,true,true,897,1447,Oran,ALGERIA
1917-12-10,1917-11-10,75,true,true,1140,1215,marseille,FRANCE
1918-01-10,1917-11-10,75,true,true,1641,2502,marseille,FRANCE
1918-02-10,1917-11-10,75,true,true,440,1269,marseille,FRANCE
1918-03-10,1917-11-10,75,true,true,1522,437,London,ENGLAND
1936-09-14,1936-08-14,75,true,true,808,1281,London,ENGLAND
1936-10-14,1936-08-14,75,true,true,345,485,London,ENGLAND
1936-11-14,1936-08-14,75,true,true,643,558,marseille,FRANCE
1936-12-14,1936-08-14,75,true,true,1108,2341,London,ENGLAND
1972-03-05,1972-02-05,75,true,true,482,330,London,ENGLAND
2018-04-05,2018-03-05,76,true,true,10,2,New York,UNITED STATE OF AMERICA
2015-12-28,2015-11-28,85,true,true,42,93,New York,UNITED STATE OF AMERICA
2016-01-28,2015-11-28,85,true,true,25,633,Liverpool,ENGLAND
2016-02-28,2015-11-28,85,true,true,159,167,Tianjin  ,CHINA
1922-02-01,1922-01-01,89,true,true,616,834,Barcelona,ESPAGNE
1922-03-01,1922-01-01,89,true,true,413,617,Oran,ALGERIA
1922-04-01,1922-01-01,89,true,true,100,687,Napoli,ITALIE
1984-03-25,1984-02-25,89,true,true,1130,860,Elizabeth,SOUTH AFRICA
1984-04-25,1984-02-25,89,true,true,634,843,Los Angeles,UNITED STATE OF AMERICA
1984-05-25,1984-02-25,89,true,true,1196,767,marseille,FRANCE
1984-06-25,1984-02-25,89,true,true,1100,918,London,ENGLAND
1957-11-07,1957-10-07,90,true,true,605,553,London,ENGLAND
1957-12-07,1957-10-07,90,true,true,2874,949,Alger,ALGERIA
1958-01-07,1957-10-07,90,true,true,1143,1980,London,ENGLAND
1989-08-10,1989-07-10,90,true,true,18,1549,London,ENGLAND
1989-09-10,1989-07-10,90,true,true,862,490,London,ENGLAND
1989-10-10,1989-07-10,90,true,true,380,2537,Alger,ALGERIA
1987-03-19,1987-02-19,90,true,true,1151,149,New York,UNITED STATE OF AMERICA
1987-04-19,1987-02-19,90,true,true,399,1045,London,ENGLAND
1987-05-19,1987-02-19,90,true,true,1361,1780,Los Angeles,UNITED STATE OF AMERICA
1935-08-16,1935-07-16,90,true,true,935,2072,marseille,FRANCE
1906-06-06,1906-05-06,90,true,true,534,3636,marseille,FRANCE
1906-07-06,1906-05-06,90,true,true,2758,231,marseille,FRANCE
1906-08-06,1906-05-06,90,true,true,2546,2272,London,ENGLAND
1906-09-06,1906-05-06,90,true,true,1099,940,marseille,FRANCE
1960-07-02,1960-06-02,91,true,true,10,16,Salerne,ITALIE
1976-04-05,1976-03-05,91,true,true,2,3,Dublin,IRLAND
1976-05-05,1976-03-05,91,true,true,3,13,la rochelle,FRANCE
1921-10-02,1921-09-02,102,true,true,249,559,Barcelona,ESPAGNE
1921-11-02,1921-09-02,102,true,true,606,411,New York,UNITED STATE OF AMERICA
1921-12-02,1921-09-02,102,true,true,113,31,marseille,FRANCE
1978-03-13,1978-02-13,102,true,true,164,247,London,ENGLAND
1996-06-08,1996-05-08,107,true,true,21,21,Napoli,ITALIE
1996-07-08,1996-05-08,107,true,true,3,20,Liverpool,ENGLAND
1921-08-05,1921-07-05,107,true,true,163,247,Elizabeth,SOUTH AFRICA
1921-09-05,1921-07-05,107,true,true,118,66,Los Angeles,UNITED STATE OF AMERICA
1921-10-05,1921-07-05,107,true,true,21,24,New York,UNITED STATE OF AMERICA
1904-05-02,1904-04-02,107,true,true,119,129,Porto,PORTUGAL
1904-06-02,1904-04-02,107,true,true,84,82,Buenos Aires,ARGENTINA
1964-09-18,1964-08-18,111,true,true,3102,128,London,ENGLAND
1964-10-18,1964-08-18,111,true,true,2576,3218,Annaba,ALGERIA
1964-11-18,1964-08-18,111,true,true,1876,2355,Oran,ALGERIA
1964-12-18,1964-08-18,111,true,true,1804,1905,Los Angeles,UNITED STATE OF AMERICA
1934-12-20,1934-11-20,111,true,true,100,1638,Alger,ALGERIA
1982-12-08,1982-11-08,111,true,true,1576,2319,marseille,FRANCE
2010-04-23,2010-03-23,112,true,true,1699,150,London,ENGLAND
2010-05-23,2010-03-23,112,true,true,756,1097,London,ENGLAND
2007-06-16,2007-05-16,112,true,true,323,616,marseille,FRANCE
2007-07-16,2007-05-16,112,true,true,1170,1651,London,ENGLAND
2012-03-14,2012-02-14,115,true,true,528,771,Napoli,ITALIE
1989-01-20,1988-12-20,115,true,true,8,42,London,ENGLAND
1989-02-20,1988-12-20,115,true,true,808,1269,marseille,FRANCE
1989-03-20,1988-12-20,115,true,true,73,248,Annaba,ALGERIA
2003-10-06,2003-09-06,117,true,true,2,81,Oran,ALGERIA
2000-05-28,2000-04-28,119,true,true,2492,2846,Alger,ALGERIA
1991-07-04,1991-06-04,124,true,true,2603,2979,marseille,FRANCE
1952-04-04,1952-03-04,124,true,true,861,2984,Los Angeles,UNITED STATE OF AMERICA
1952-05-04,1952-03-04,124,true,true,1943,406,New York,UNITED STATE OF AMERICA
1952-06-04,1952-03-04,124,true,true,445,730,Annaba,ALGERIA
1973-11-11,1973-10-11,124,true,true,80,1397,Oran,ALGERIA
1901-08-23,1901-07-23,124,true,true,1750,80,London,ENGLAND
1976-12-10,1976-11-10,124,true,true,2647,3279,Alger,ALGERIA
1977-01-10,1976-11-10,124,true,true,949,1188,marseille,FRANCE
1958-11-01,1958-10-01,124,true,true,669,390,Oran,ALGERIA
1984-01-13,1983-12-13,125,true,true,196,534,Napoli,ITALIE
1984-02-13,1983-12-13,125,true,true,37,522,Barcelona,ESPAGNE
1984-03-13,1983-12-13,125,true,true,653,44,Oran,ALGERIA
1983-10-17,1983-09-17,127,true,true,567,571,Lisbonne,PORTUGAL
1983-11-17,1983-09-17,127,true,true,10,10,Tianjin  ,CHINA
1983-12-17,1983-09-17,127,true,true,254,333,Barcelona,ESPAGNE
1982-11-08,1982-10-08,130,true,true,51,261,Liverpool,ENGLAND
1982-12-08,1982-10-08,130,true,true,47,19,la rochelle,FRANCE
1903-03-01,1903-02-01,131,true,true,3572,3315,Annaba,ALGERIA
1903-04-01,1903-02-01,131,true,true,2011,2999,Los Angeles,UNITED STATE OF AMERICA
1903-05-01,1903-02-01,131,true,true,2081,2415,London,ENGLAND
1958-09-25,1958-08-25,138,true,true,16,3,Barcelona,ESPAGNE
1958-10-25,1958-08-25,138,true,true,1,8,Salerne,ITALIE
1958-11-25,1958-08-25,138,true,true,26,13,New York,UNITED STATE OF AMERICA
1967-08-18,1967-07-18,140,true,true,54,67,Alger,ALGERIA
1967-09-18,1967-07-18,140,true,true,24,11,Oran,ALGERIA
1967-10-18,1967-07-18,140,true,true,24,64,Elizabeth,SOUTH AFRICA
1953-04-15,1953-03-15,143,true,true,1754,3918,London,ENGLAND
1953-05-15,1953-03-15,143,true,true,2674,754,marseille,FRANCE
1970-06-08,1970-05-08,145,true,true,20,26,la rochelle,FRANCE
1989-02-04,1989-01-04,146,true,true,1214,2009,London,ENGLAND
1989-03-04,1989-01-04,146,true,true,570,1981,Alger,ALGERIA
1989-04-04,1989-01-04,146,true,true,122,88,London,ENGLAND
1989-05-04,1989-01-04,146,true,true,2902,764,Oran,ALGERIA
1986-08-08,1986-07-08,147,true,true,20,6,Napoli,ITALIE
1939-10-19,1939-09-19,157,true,true,314,515,Oran,ALGERIA
1939-11-19,1939-09-19,157,true,true,802,834,marseille,FRANCE
2018-07-22,2018-06-22,157,true,true,1363,176,Alger,ALGERIA
2018-08-22,2018-06-22,157,true,true,1133,1166,marseille,FRANCE
2018-09-22,2018-06-22,157,true,true,697,878,marseille,FRANCE
2018-10-22,2018-06-22,157,true,true,924,1634,Los Angeles,UNITED STATE OF AMERICA
1971-10-10,1971-09-10,159,true,true,108,2238,London,ENGLAND
1971-11-10,1971-09-10,159,true,true,1273,35,Los Angeles,UNITED STATE OF AMERICA
1971-12-10,1971-09-10,159,true,true,802,311,Los Angeles,UNITED STATE OF AMERICA
1960-07-25,1960-06-25,164,true,true,1029,882,London,ENGLAND
1960-08-25,1960-06-25,164,true,true,458,645,London,ENGLAND
2021-01-10,2020-12-10,167,true,true,50,91,London,ENGLAND
1910-07-05,1910-06-05,167,true,true,2302,2708,London,ENGLAND
1910-08-05,1910-06-05,167,true,true,1317,417,London,ENGLAND
1910-09-05,1910-06-05,167,true,true,600,1423,London,ENGLAND
1952-03-22,1952-02-22,167,true,true,71,986,marseille,FRANCE
2006-10-14,2006-09-14,170,true,true,87,325,Santa Maria,PEROU
2006-11-14,2006-09-14,170,true,true,171,25,Yingkou ,CHINA
1930-01-04,1929-12-04,173,true,true,7,3,Barcelona,ESPAGNE
1930-02-04,1929-12-04,173,true,true,33,27,la rochelle,FRANCE
1930-03-04,1929-12-04,173,true,true,49,39,London,ENGLAND
1930-04-04,1929-12-04,173,true,true,26,18,Annaba,ALGERIA
1948-10-07,1948-09-07,174,true,true,790,1228,Annaba,ALGERIA
1989-06-25,1989-05-25,174,true,true,2304,514,New York,UNITED STATE OF AMERICA
1927-11-03,1927-10-03,174,true,true,2155,1485,Annaba,ALGERIA
1927-12-03,1927-10-03,174,true,true,1219,1202,Annaba,ALGERIA
1928-01-03,1927-10-03,174,true,true,831,1756,Annaba,ALGERIA
1928-02-03,1927-10-03,174,true,true,1797,2238,London,ENGLAND
1953-07-24,1953-06-24,179,true,true,149,503,marseille,FRANCE
1953-08-24,1953-06-24,179,true,true,495,44,Los Angeles,UNITED STATE OF AMERICA
1953-09-24,1953-06-24,179,true,true,151,812,London,ENGLAND
1970-07-03,1970-06-03,180,true,true,1784,1811,Los Angeles,UNITED STATE OF AMERICA
1980-10-22,1980-09-22,182,true,true,164,352,marseille,FRANCE
1980-11-22,1980-09-22,182,true,true,160,220,Barcelona,ESPAGNE
1980-12-22,1980-09-22,182,true,true,151,88,Yingkou ,CHINA
1981-01-22,1980-09-22,182,true,true,191,214,London,ENGLAND
1968-07-19,1968-06-19,182,true,true,175,181,Yingkou ,CHINA
1968-08-19,1968-06-19,182,true,true,351,481,Napoli,ITALIE
1968-09-19,1968-06-19,182,true,true,27,308,marseille,FRANCE
1968-10-19,1968-06-19,182,true,true,435,36,Yingkou ,CHINA
1972-06-05,1972-05-05,185,true,true,10,164,Barcelona,ESPAGNE
1972-07-05,1972-05-05,185,true,true,149,8,marseille,FRANCE
1919-09-21,1919-08-21,185,true,true,154,187,De satntos,BRAZIL
1919-10-21,1919-08-21,185,true,true,89,67,brest,FRANCE
1952-06-05,1952-05-05,189,true,true,568,1208,Alger,ALGERIA
1952-07-05,1952-05-05,189,true,true,689,997,Alger,ALGERIA
1961-04-06,1961-03-06,189,true,true,362,992,Los Angeles,UNITED STATE OF AMERICA
1915-04-08,1915-03-08,190,true,true,410,1183,Annaba,ALGERIA
1915-05-08,1915-03-08,190,true,true,1152,238,Annaba,ALGERIA
1915-06-08,1915-03-08,190,true,true,152,284,London,ENGLAND
1915-07-08,1915-03-08,190,true,true,1329,687,marseille,FRANCE
2006-01-13,2005-12-13,194,true,true,1263,146,New York,UNITED STATE OF AMERICA
2006-02-13,2005-12-13,194,true,true,277,267,Los Angeles,UNITED STATE OF AMERICA
2006-03-13,2005-12-13,194,true,true,728,1210,Annaba,ALGERIA
1989-05-26,1989-04-26,197,true,true,115,765,Oran,ALGERIA
1973-07-22,1973-06-22,202,true,true,12,16,Buenos Aires,ARGENTINA
1984-07-25,1984-06-25,204,true,true,236,670,Napoli,ITALIE
1984-08-25,1984-06-25,204,true,true,123,91,London,ENGLAND
1949-11-04,1949-10-04,208,true,true,158,1140,Oran,ALGERIA
1949-12-04,1949-10-04,208,true,true,227,129,Oran,ALGERIA
1950-01-04,1949-10-04,208,true,true,30,207,Napoli,ITALIE
1965-11-01,1965-10-01,208,true,true,224,208,Liverpool,ENGLAND
1965-12-01,1965-10-01,208,true,true,128,297,Oran,ALGERIA
1957-05-23,1957-04-23,212,true,true,139,170,Alger,ALGERIA
1957-06-23,1957-04-23,212,true,true,994,133,Elizabeth,SOUTH AFRICA
1999-09-02,1999-08-02,212,true,true,93,171,Liverpool,ENGLAND
1972-03-21,1972-02-21,212,true,true,261,28,London,ENGLAND
1972-04-21,1972-02-21,212,true,true,893,217,marseille,FRANCE
1972-05-21,1972-02-21,212,true,true,415,850,Elizabeth,SOUTH AFRICA
1972-06-21,1972-02-21,212,true,true,544,172,Napoli,ITALIE
1986-12-20,1986-11-20,218,true,true,862,955,marseille,FRANCE
1946-08-02,1946-07-02,218,true,true,499,1191,Alger,ALGERIA
1960-06-11,1960-05-11,223,true,true,236,488,Los Angeles,UNITED STATE OF AMERICA
1900-08-23,1900-07-23,226,true,true,2336,329,New York,UNITED STATE OF AMERICA
1900-09-23,1900-07-23,226,true,true,3236,1755,Alger,ALGERIA
1969-04-19,1969-03-19,226,true,true,195,235,marseille,FRANCE
2016-09-12,2016-08-12,226,true,true,187,1020,London,ENGLAND
1950-11-07,1950-10-07,226,true,true,2586,2055,London,ENGLAND
1950-12-07,1950-10-07,226,true,true,700,1434,marseille,FRANCE
1998-09-07,1998-08-07,231,true,true,13,138,la rochelle,FRANCE
1998-10-07,1998-08-07,231,true,true,114,87,Liverpool,ENGLAND
1957-11-25,1957-10-25,239,true,true,1827,1194,Oran,ALGERIA
1905-12-17,1905-11-17,239,true,true,1544,2535,marseille,FRANCE
1906-01-17,1905-11-17,239,true,true,604,122,New York,UNITED STATE OF AMERICA
1923-01-12,1922-12-12,239,true,true,2442,435,New York,UNITED STATE OF AMERICA
1929-12-25,1929-11-25,239,true,true,1666,2032,marseille,FRANCE
1930-01-25,1929-11-25,239,true,true,813,1252,marseille,FRANCE
1930-02-25,1929-11-25,239,true,true,550,1605,London,ENGLAND
2012-12-15,2012-11-15,241,true,true,109,1178,Oran,ALGERIA
2013-01-15,2012-11-15,241,true,true,2047,1383,Annaba,ALGERIA
2013-02-15,2012-11-15,241,true,true,1274,1497,Alger,ALGERIA
1902-02-05,1902-01-05,242,true,true,104,204,Los Angeles,UNITED STATE OF AMERICA
1902-03-05,1902-01-05,242,true,true,1252,3613,marseille,FRANCE
1902-04-05,1902-01-05,242,true,true,3163,938,marseille,FRANCE
1925-10-28,1925-09-28,244,true,true,1718,843,Annaba,ALGERIA
1925-11-28,1925-09-28,244,true,true,23,112,Oran,ALGERIA
1925-12-28,1925-09-28,244,true,true,1949,1984,Annaba,ALGERIA
1926-01-28,1925-09-28,244,true,true,1450,1495,Alger,ALGERIA
1962-03-11,1962-02-11,246,true,true,857,682,Elizabeth,SOUTH AFRICA
1962-04-11,1962-02-11,246,true,true,399,509,marseille,FRANCE
1962-05-11,1962-02-11,246,true,true,365,167,Napoli,ITALIE
1962-06-11,1962-02-11,246,true,true,1189,1252,Oran,ALGERIA
1954-08-11,1954-07-11,251,true,true,364,397,Liverpool,ENGLAND
1943-08-21,1943-07-21,251,true,true,75,311,New York,UNITED STATE OF AMERICA
1943-09-21,1943-07-21,251,true,true,208,217,Buenos Aires,ARGENTINA
1904-04-26,1904-03-26,251,true,true,439,297,marseille,FRANCE
1904-05-26,1904-03-26,251,true,true,29,15,Lisbonne,PORTUGAL
1904-06-26,1904-03-26,251,true,true,339,150,Los Angeles,UNITED STATE OF AMERICA
2014-07-14,2014-06-14,252,true,true,10,9,Salerne,ITALIE
1942-11-17,1942-10-17,259,true,true,223,493,London,ENGLAND
1942-12-17,1942-10-17,259,true,true,129,116,Lisbonne,PORTUGAL
1943-01-17,1942-10-17,259,true,true,18,75,Porto,PORTUGAL
1997-12-13,1997-11-13,261,true,true,0,216,Yingkou ,CHINA
1981-06-24,1981-05-24,264,true,true,379,395,Barcelona,ESPAGNE
1968-06-05,1968-05-05,264,true,true,177,4,marseille,FRANCE
1968-07-05,1968-05-05,264,true,true,429,74,Elizabeth,SOUTH AFRICA
1968-08-05,1968-05-05,264,true,true,476,176,Tianjin  ,CHINA
1968-09-05,1968-05-05,264,true,true,452,500,Yingkou ,CHINA
1954-10-11,1954-09-11,269,true,true,26,1191,Barcelona,ESPAGNE
1954-11-11,1954-09-11,269,true,true,1205,284,Barcelona,ESPAGNE
1954-12-11,1954-09-11,269,true,true,270,206,Napoli,ITALIE
1932-04-07,1932-03-07,272,true,true,430,1287,Liverpool,ENGLAND
1921-09-03,1921-08-03,273,true,true,1789,565,New York,UNITED STATE OF AMERICA
1921-10-03,1921-08-03,273,true,true,253,836,marseille,FRANCE
1921-11-03,1921-08-03,273,true,true,613,1011,Oran,ALGERIA
1969-01-08,1968-12-08,275,true,true,47,12,New York,UNITED STATE OF AMERICA
1985-04-09,1985-03-09,276,true,true,757,2053,Annaba,ALGERIA
1985-05-09,1985-03-09,276,true,true,1731,728,Los Angeles,UNITED STATE OF AMERICA
1929-11-27,1929-10-27,276,true,true,730,334,Alger,ALGERIA
1929-12-27,1929-10-27,276,true,true,184,199,marseille,FRANCE
1930-01-27,1929-10-27,276,true,true,821,2185,New York,UNITED STATE OF AMERICA
1945-05-04,1945-04-04,276,true,true,1774,213,London,ENGLAND
1945-06-04,1945-04-04,276,true,true,177,18,marseille,FRANCE
1976-07-06,1976-06-06,276,true,true,624,2653,London,ENGLAND
1976-08-06,1976-06-06,276,true,true,2386,491,New York,UNITED STATE OF AMERICA
1976-09-06,1976-06-06,276,true,true,477,943,Oran,ALGERIA
1976-10-06,1976-06-06,276,true,true,295,200,New York,UNITED STATE OF AMERICA
1940-12-05,1940-11-05,276,true,true,338,2013,Alger,ALGERIA
1941-01-05,1940-11-05,276,true,true,425,194,Alger,ALGERIA
1941-02-05,1940-11-05,276,true,true,240,154,Alger,ALGERIA
1921-01-19,1920-12-19,277,true,true,1641,12,London,ENGLAND
1921-02-19,1920-12-19,277,true,true,1349,388,Alger,ALGERIA
1921-03-19,1920-12-19,277,true,true,1425,1418,Annaba,ALGERIA
1921-04-19,1920-12-19,277,true,true,259,243,Alger,ALGERIA
2017-03-05,2017-02-05,277,true,true,1117,111,Oran,ALGERIA
2017-04-05,2017-02-05,277,true,true,239,736,London,ENGLAND
2017-05-05,2017-02-05,277,true,true,868,708,marseille,FRANCE
1974-12-27,1974-11-27,277,true,true,1060,1986,Annaba,ALGERIA
1940-02-11,1940-01-11,277,true,true,115,1363,marseille,FRANCE
2001-05-05,2001-04-05,277,true,true,1152,2815,London,ENGLAND
2001-06-05,2001-04-05,277,true,true,835,500,London,ENGLAND
2001-07-05,2001-04-05,277,true,true,487,36,marseille,FRANCE
2011-07-28,2011-06-28,277,true,true,555,680,marseille,FRANCE
2011-08-28,2011-06-28,277,true,true,699,929,marseille,FRANCE
2011-09-28,2011-06-28,277,true,true,816,2331,London,ENGLAND
2003-02-03,2003-01-03,287,true,true,1698,620,London,ENGLAND
1931-05-23,1931-04-23,287,true,true,1919,2848,Oran,ALGERIA
1902-09-15,1902-08-15,287,true,true,1807,674,Oran,ALGERIA
1902-10-15,1902-08-15,287,true,true,1325,962,New York,UNITED STATE OF AMERICA
1902-11-15,1902-08-15,287,true,true,1519,1647,London,ENGLAND
1928-04-09,1928-03-09,289,true,true,8,34,Napoli,ITALIE
1928-05-09,1928-03-09,289,true,true,53,27,Barcelona,ESPAGNE
1910-06-13,1910-05-13,290,true,true,907,1617,Los Angeles,UNITED STATE OF AMERICA
1910-07-13,1910-05-13,290,true,true,1659,1210,Los Angeles,UNITED STATE OF AMERICA
1903-01-18,1902-12-18,291,true,true,330,611,Elizabeth,SOUTH AFRICA
1903-02-18,1902-12-18,291,true,true,113,221,marseille,FRANCE
1903-03-18,1902-12-18,291,true,true,581,228,Barcelona,ESPAGNE
1903-04-18,1902-12-18,291,true,true,1215,394,Liverpool,ENGLAND
1957-10-26,1957-09-26,292,true,true,1,2,Casablanca,MAROC
1957-11-26,1957-09-26,292,true,true,1,3,Casablanca,MAROC
1991-01-07,1990-12-07,293,true,true,1965,1559,Annaba,ALGERIA
1991-02-07,1990-12-07,293,true,true,1041,1077,London,ENGLAND
1991-03-07,1990-12-07,293,true,true,1414,1642,Los Angeles,UNITED STATE OF AMERICA
1934-05-11,1934-04-11,293,true,true,983,215,New York,UNITED STATE OF AMERICA
1934-06-11,1934-04-11,293,true,true,644,2123,Los Angeles,UNITED STATE OF AMERICA
1934-07-11,1934-04-11,293,true,true,866,1144,New York,UNITED STATE OF AMERICA
1922-06-08,1922-05-08,295,true,true,195,534,Yingkou ,CHINA
1922-07-08,1922-05-08,295,true,true,13,197,Napoli,ITALIE
1922-08-08,1922-05-08,295,true,true,290,0,London,ENGLAND
1978-12-16,1978-11-16,295,true,true,200,455,Elizabeth,SOUTH AFRICA
1979-01-16,1978-11-16,295,true,true,62,477,marseille,FRANCE
1979-02-16,1978-11-16,295,true,true,237,75,Oran,ALGERIA
1913-08-08,1913-07-08,296,true,true,1017,387,Barcelona,ESPAGNE
1955-12-12,1955-11-12,297,true,true,219,539,Alger,ALGERIA
1956-01-12,1955-11-12,297,true,true,2336,986,Los Angeles,UNITED STATE OF AMERICA
1992-04-05,1992-03-05,308,true,true,13,726,Los Angeles,UNITED STATE OF AMERICA
1931-05-04,1931-04-04,308,true,true,1337,659,Los Angeles,UNITED STATE OF AMERICA
1931-06-04,1931-04-04,308,true,true,86,40,Alger,ALGERIA
1983-07-04,1983-06-04,308,true,true,2487,568,New York,UNITED STATE OF AMERICA
1983-08-04,1983-06-04,308,true,true,838,969,marseille,FRANCE
1972-02-21,1972-01-21,309,true,true,57,103,Yingkou ,CHINA
1900-03-15,1900-02-15,309,true,true,28,98,Napoli,ITALIE
1900-04-15,1900-02-15,309,true,true,2,6,Yingkou ,CHINA
1900-05-15,1900-02-15,309,true,true,21,96,marseille,FRANCE
1961-04-04,1961-03-04,312,true,true,1600,2380,London,ENGLAND
1992-03-07,1992-02-07,312,true,true,131,216,Los Angeles,UNITED STATE OF AMERICA
1992-04-07,1992-02-07,312,true,true,1589,664,Annaba,ALGERIA
1992-05-07,1992-02-07,312,true,true,403,647,Annaba,ALGERIA
1992-06-07,1992-02-07,312,true,true,291,760,Annaba,ALGERIA
1997-01-24,1996-12-24,312,true,true,29,139,Annaba,ALGERIA
1997-02-24,1996-12-24,312,true,true,313,1064,Los Angeles,UNITED STATE OF AMERICA
1997-03-24,1996-12-24,312,true,true,991,514,New York,UNITED STATE OF AMERICA
1937-03-13,1937-02-13,312,true,true,383,1029,Alger,ALGERIA
1941-02-14,1941-01-14,313,true,true,682,458,Oran,ALGERIA
2009-02-14,2009-01-14,313,true,true,555,1841,Annaba,ALGERIA
1948-10-13,1948-09-13,313,true,true,628,70,marseille,FRANCE
1974-07-01,1974-06-01,314,true,true,88,519,Los Angeles,UNITED STATE OF AMERICA
1974-08-01,1974-06-01,314,true,true,1548,1374,marseille,FRANCE
1930-05-26,1930-04-26,315,true,true,348,1598,Oran,ALGERIA
1930-06-26,1930-04-26,315,true,true,1350,316,marseille,FRANCE
1930-07-26,1930-04-26,315,true,true,904,1482,New York,UNITED STATE OF AMERICA
1992-12-25,1992-11-25,315,true,true,287,588,Alger,ALGERIA
2004-02-25,2004-01-25,315,true,true,258,525,Los Angeles,UNITED STATE OF AMERICA
2004-03-25,2004-01-25,315,true,true,555,975,London,ENGLAND
2004-04-25,2004-01-25,315,true,true,668,460,Alger,ALGERIA
2004-05-25,2004-01-25,315,true,true,1068,1549,Alger,ALGERIA
2021-10-28,2021-09-28,315,true,true,1160,1514,Los Angeles,UNITED STATE OF AMERICA
2021-11-28,2021-09-28,315,true,true,923,1424,New York,UNITED STATE OF AMERICA
2021-12-28,2021-09-28,315,true,true,133,750,Los Angeles,UNITED STATE OF AMERICA
2022-01-28,2021-09-28,315,true,true,1764,392,Annaba,ALGERIA
1965-11-14,1965-10-14,315,true,true,1196,105,New York,UNITED STATE OF AMERICA
1965-12-14,1965-10-14,315,true,true,734,1434,New York,UNITED STATE OF AMERICA
1985-02-08,1985-01-08,316,true,true,2873,160,Los Angeles,UNITED STATE OF AMERICA
1987-04-09,1987-03-09,316,true,true,1851,2327,marseille,FRANCE
1987-05-09,1987-03-09,316,true,true,600,250,Oran,ALGERIA
1987-06-09,1987-03-09,316,true,true,2187,3429,Annaba,ALGERIA
1932-08-24,1932-07-24,331,true,true,991,837,Oran,ALGERIA
1932-09-24,1932-07-24,331,true,true,84,54,Annaba,ALGERIA
1906-08-15,1906-07-15,334,true,true,0,0,Santa Maria,PEROU
1972-07-27,1972-06-27,334,true,true,0,0,De satntos,BRAZIL
1972-08-27,1972-06-27,334,true,true,2,0,Napoli,ITALIE
1925-05-20,1925-04-20,335,true,true,7,1,Buenos Aires,ARGENTINA
1925-06-20,1925-04-20,335,true,true,15,8,Barcelona,ESPAGNE
1925-07-20,1925-04-20,335,true,true,9,10,New York,UNITED STATE OF AMERICA
1999-01-26,1998-12-26,337,true,true,597,1290,Alger,ALGERIA
1907-03-13,1907-02-13,337,true,true,1519,3700,Los Angeles,UNITED STATE OF AMERICA
1907-04-13,1907-02-13,337,true,true,2598,933,New York,UNITED STATE OF AMERICA
1930-04-25,1930-03-25,339,true,true,509,7,Porto,PORTUGAL
1930-05-25,1930-03-25,339,true,true,186,50,Napoli,ITALIE
1930-06-25,1930-03-25,339,true,true,102,270,marseille,FRANCE
1930-07-25,1930-03-25,339,true,true,23,159,Porto,PORTUGAL
2003-12-03,2003-11-03,339,true,true,372,586,Liverpool,ENGLAND
2004-01-03,2003-11-03,339,true,true,101,56,Napoli,ITALIE
2004-02-03,2003-11-03,339,true,true,102,237,Elizabeth,SOUTH AFRICA
1976-04-04,1976-03-04,342,true,true,1253,1833,marseille,FRANCE
1976-05-04,1976-03-04,342,true,true,492,129,New York,UNITED STATE OF AMERICA
1976-06-04,1976-03-04,342,true,true,218,1631,Los Angeles,UNITED STATE OF AMERICA
1976-07-04,1976-03-04,342,true,true,1247,62,London,ENGLAND
1906-05-20,1906-04-20,342,true,true,1233,1418,Los Angeles,UNITED STATE OF AMERICA
1990-02-21,1990-01-21,342,true,true,199,455,London,ENGLAND
1990-03-21,1990-01-21,342,true,true,1627,1432,Annaba,ALGERIA
1990-04-21,1990-01-21,342,true,true,7,186,Annaba,ALGERIA
1997-08-04,1997-07-04,349,true,true,1,487,New York,UNITED STATE OF AMERICA
1981-01-25,1980-12-25,349,true,true,787,18,Oran,ALGERIA
1981-02-25,1980-12-25,349,true,true,604,2370,marseille,FRANCE
1905-11-18,1905-10-18,349,true,true,2170,490,marseille,FRANCE
2001-02-15,2001-01-15,349,true,true,652,990,London,ENGLAND
2001-03-15,2001-01-15,349,true,true,2130,2001,Los Angeles,UNITED STATE OF AMERICA
1998-06-02,1998-05-02,349,true,true,1645,2852,Los Angeles,UNITED STATE OF AMERICA
1998-07-02,1998-05-02,349,true,true,1378,981,Annaba,ALGERIA
1998-08-02,1998-05-02,349,true,true,82,742,New York,UNITED STATE OF AMERICA
1977-12-28,1977-11-28,350,true,true,958,2058,marseille,FRANCE
1901-01-28,1900-12-28,350,true,true,2070,557,New York,UNITED STATE OF AMERICA
1901-02-28,1900-12-28,350,true,true,2927,56,Annaba,ALGERIA
1901-03-28,1900-12-28,350,true,true,66,145,New York,UNITED STATE OF AMERICA
1901-02-08,1901-01-08,350,true,true,2893,45,London,ENGLAND
1918-08-08,1918-07-08,351,true,true,2525,7,Annaba,ALGERIA
1918-09-08,1918-07-08,351,true,true,2375,2310,Annaba,ALGERIA
1992-07-12,1992-06-12,351,true,true,2297,2600,London,ENGLAND
1992-08-12,1992-06-12,351,true,true,806,1669,Los Angeles,UNITED STATE OF AMERICA
1992-09-12,1992-06-12,351,true,true,698,2162,Alger,ALGERIA
1907-10-01,1907-09-01,351,true,true,1577,405,Alger,ALGERIA
1907-11-01,1907-09-01,351,true,true,1522,1762,Alger,ALGERIA
1906-03-18,1906-02-18,351,true,true,87,809,Los Angeles,UNITED STATE OF AMERICA
1906-04-18,1906-02-18,351,true,true,1041,1407,marseille,FRANCE
1906-05-18,1906-02-18,351,true,true,873,786,marseille,FRANCE
1903-10-28,1903-09-28,352,true,true,698,720,Oran,ALGERIA
1903-11-28,1903-09-28,352,true,true,299,1229,New York,UNITED STATE OF AMERICA
2004-12-19,2004-11-19,358,true,true,11,10,Elizabeth,SOUTH AFRICA
2005-01-19,2004-11-19,358,true,true,11,3,Tianjin  ,CHINA
1917-07-26,1917-06-26,361,true,true,3496,3188,New York,UNITED STATE OF AMERICA
1917-08-26,1917-06-26,361,true,true,1318,2787,London,ENGLAND
1917-09-26,1917-06-26,361,true,true,2504,688,Oran,ALGERIA
1948-09-13,1948-08-13,361,true,true,35,324,London,ENGLAND
1948-10-13,1948-08-13,361,true,true,578,2233,Annaba,ALGERIA
1948-11-13,1948-08-13,361,true,true,1015,1227,Annaba,ALGERIA
1966-06-26,1966-05-26,361,true,true,1,887,London,ENGLAND
2012-01-06,2011-12-06,362,true,true,6,226,Cochin,INDIA
1969-05-14,1969-04-14,363,true,true,921,831,Alger,ALGERIA
1969-06-14,1969-04-14,363,true,true,2969,1677,Annaba,ALGERIA
1909-07-16,1909-06-16,363,true,true,2150,3278,Alger,ALGERIA
1909-08-16,1909-06-16,363,true,true,1097,2665,Oran,ALGERIA
1909-09-16,1909-06-16,363,true,true,1089,568,New York,UNITED STATE OF AMERICA
1909-10-16,1909-06-16,363,true,true,2483,462,marseille,FRANCE
1957-05-01,1957-04-01,364,true,true,3,42,Liverpool,ENGLAND
1932-06-15,1932-05-15,366,true,true,158,345,Los Angeles,UNITED STATE OF AMERICA
1911-02-23,1911-01-23,368,true,true,1,15,Alger,ALGERIA
1911-03-23,1911-01-23,368,true,true,25,4,Annaba,ALGERIA
1994-07-13,1994-06-13,368,true,true,45,40,Monreal,CANADA
1994-08-13,1994-06-13,368,true,true,28,28,la rochelle,FRANCE
1994-09-13,1994-06-13,368,true,true,10,10,Liverpool,ENGLAND
1931-11-23,1931-10-23,374,true,true,2511,4414,Los Angeles,UNITED STATE OF AMERICA
1931-12-23,1931-10-23,374,true,true,2907,1434,London,ENGLAND
1979-10-13,1979-09-13,374,true,true,347,796,London,ENGLAND
1979-11-13,1979-09-13,374,true,true,852,1541,marseille,FRANCE
1998-01-17,1997-12-17,376,true,true,2368,4,marseille,FRANCE
1998-02-17,1997-12-17,376,true,true,1467,1834,London,ENGLAND
1998-03-17,1997-12-17,376,true,true,805,2,marseille,FRANCE
1910-09-19,1910-08-19,376,true,true,1088,544,Annaba,ALGERIA
1910-10-19,1910-08-19,376,true,true,204,1389,Alger,ALGERIA
1910-11-19,1910-08-19,376,true,true,1301,852,Alger,ALGERIA
1967-06-18,1967-05-18,376,true,true,2311,524,Oran,ALGERIA
1917-07-02,1917-06-02,376,true,true,2218,81,Annaba,ALGERIA
1917-08-02,1917-06-02,376,true,true,494,359,marseille,FRANCE
1917-09-02,1917-06-02,376,true,true,534,953,Alger,ALGERIA
1941-04-17,1941-03-17,377,true,true,5,2,Oran,ALGERIA
1941-05-17,1941-03-17,377,true,true,1,5,Elizabeth,SOUTH AFRICA
2007-12-17,2007-11-17,378,true,true,85,404,Alger,ALGERIA
2008-01-17,2007-11-17,378,true,true,557,1573,New York,UNITED STATE OF AMERICA
1981-08-20,1981-07-20,378,true,true,370,119,Oran,ALGERIA
1945-08-20,1945-07-20,378,true,true,925,129,Elizabeth,SOUTH AFRICA
1945-09-20,1945-07-20,378,true,true,1165,450,London,ENGLAND
1972-11-26,1972-10-26,378,true,true,33,762,Oran,ALGERIA
1908-11-09,1908-10-09,380,true,true,143,988,London,ENGLAND
1908-12-09,1908-10-09,380,true,true,77,3190,Alger,ALGERIA
1916-03-06,1916-02-06,380,true,true,1491,467,London,ENGLAND
1916-04-06,1916-02-06,380,true,true,2344,942,marseille,FRANCE
1916-05-06,1916-02-06,380,true,true,1689,355,marseille,FRANCE
1916-06-06,1916-02-06,380,true,true,1116,3969,London,ENGLAND
1980-04-21,1980-03-21,380,true,true,2106,4171,marseille,FRANCE
1903-10-02,1903-09-02,383,true,true,18,16,London,ENGLAND
1903-11-02,1903-09-02,383,true,true,14,2,New York,UNITED STATE OF AMERICA
1903-12-02,1903-09-02,383,true,true,14,33,Barcelona,ESPAGNE
1933-02-05,1933-01-05,384,true,true,1234,93,Barcelona,ESPAGNE
1933-03-05,1933-01-05,384,true,true,10,862,Alger,ALGERIA
1978-10-02,1978-09-02,384,true,true,1268,381,Annaba,ALGERIA
1978-11-02,1978-09-02,384,true,true,560,266,Annaba,ALGERIA
2002-04-04,2002-03-04,386,true,true,2628,846,New York,UNITED STATE OF AMERICA
2002-05-04,2002-03-04,386,true,true,246,1906,New York,UNITED STATE OF AMERICA
2002-06-04,2002-03-04,386,true,true,370,364,Los Angeles,UNITED STATE OF AMERICA
1902-03-06,1902-02-06,387,true,true,135,294,London,ENGLAND
1902-04-06,1902-02-06,387,true,true,1628,13,Oran,ALGERIA
1902-05-06,1902-02-06,387,true,true,211,51,New York,UNITED STATE OF AMERICA
1925-06-04,1925-05-04,388,true,true,682,358,marseille,FRANCE
1925-07-04,1925-05-04,388,true,true,271,1444,marseille,FRANCE
1988-07-10,1988-06-10,388,true,true,1232,3318,Los Angeles,UNITED STATE OF AMERICA
1988-08-10,1988-06-10,388,true,true,1618,700,London,ENGLAND
1988-09-10,1988-06-10,388,true,true,549,816,Los Angeles,UNITED STATE OF AMERICA
1996-06-14,1996-05-14,388,true,true,2662,2678,London,ENGLAND
1996-07-14,1996-05-14,388,true,true,334,810,marseille,FRANCE
1996-08-14,1996-05-14,388,true,true,1199,1644,New York,UNITED STATE OF AMERICA
1923-09-05,1923-08-05,388,true,true,1164,20,New York,UNITED STATE OF AMERICA
1921-08-23,1921-07-23,388,true,true,2451,755,Los Angeles,UNITED STATE OF AMERICA
1921-09-23,1921-07-23,388,true,true,489,636,New York,UNITED STATE OF AMERICA
2017-03-17,2017-02-17,392,true,true,2567,362,marseille,FRANCE
2017-04-17,2017-02-17,392,true,true,2027,1967,Alger,ALGERIA
2017-05-17,2017-02-17,392,true,true,291,463,London,ENGLAND
1962-06-24,1962-05-24,392,true,true,418,70,New York,UNITED STATE OF AMERICA
1962-07-24,1962-05-24,392,true,true,890,657,Oran,ALGERIA
1972-02-08,1972-01-08,393,true,true,189,383,Yingkou ,CHINA
1972-03-08,1972-01-08,393,true,true,350,484,Tianjin  ,CHINA
1949-08-27,1949-07-27,393,true,true,725,792,Barcelona,ESPAGNE
1949-09-27,1949-07-27,393,true,true,89,37,Lisbonne,PORTUGAL
2011-12-17,2011-11-17,393,true,true,158,1,London,ENGLAND
2012-01-17,2011-11-17,393,true,true,149,108,Tianjin  ,CHINA
1924-09-19,1924-08-19,394,true,true,1611,1038,Oran,ALGERIA
1924-10-19,1924-08-19,394,true,true,3298,2181,marseille,FRANCE
1924-11-19,1924-08-19,394,true,true,2262,3902,Los Angeles,UNITED STATE OF AMERICA
1923-03-26,1923-02-26,400,true,true,0,0,Buenos Aires,ARGENTINA
1923-04-26,1923-02-26,400,true,true,0,0,Buenos Aires,ARGENTINA
1995-05-21,1995-04-21,400,true,true,0,1,Elizabeth,SOUTH AFRICA
1925-09-10,1925-08-10,401,true,true,12,874,marseille,FRANCE
1925-10-10,1925-08-10,401,true,true,637,832,Oran,ALGERIA
1925-11-10,1925-08-10,401,true,true,1159,1443,marseille,FRANCE
1992-08-13,1992-07-13,405,true,true,33,60,Elizabeth,SOUTH AFRICA
1992-09-13,1992-07-13,405,true,true,47,52,brest,FRANCE
1992-10-13,1992-07-13,405,true,true,31,18,Alger,ALGERIA
1989-07-08,1989-06-08,411,true,true,1819,25,marseille,FRANCE
1989-08-08,1989-06-08,411,true,true,795,781,London,ENGLAND
1989-09-08,1989-06-08,411,true,true,47,51,Annaba,ALGERIA
1989-10-08,1989-06-08,411,true,true,828,1133,New York,UNITED STATE OF AMERICA
1951-11-03,1951-10-03,414,true,true,2228,1740,marseille,FRANCE
1951-12-03,1951-10-03,414,true,true,2223,1506,Alger,ALGERIA
2004-03-07,2004-02-07,414,true,true,25,81,Oran,ALGERIA
2004-04-07,2004-02-07,414,true,true,819,982,Oran,ALGERIA
1967-09-27,1967-08-27,415,true,true,378,408,Elizabeth,SOUTH AFRICA
1965-04-24,1965-03-24,419,true,true,1057,1169,Alger,ALGERIA
1965-05-24,1965-03-24,419,true,true,2314,2087,New York,UNITED STATE OF AMERICA
1942-09-26,1942-08-26,419,true,true,392,20,New York,UNITED STATE OF AMERICA
2011-09-18,2011-08-18,419,true,true,905,661,Los Angeles,UNITED STATE OF AMERICA
2011-10-18,2011-08-18,419,true,true,5,1,Alger,ALGERIA
1995-06-03,1995-05-03,423,true,true,51,289,Porto,PORTUGAL
1995-07-03,1995-05-03,423,true,true,0,228,Alger,ALGERIA
1995-08-03,1995-05-03,423,true,true,200,9,Lisbonne,PORTUGAL
1998-02-04,1998-01-04,431,true,true,800,1196,Napoli,ITALIE
1998-03-04,1998-01-04,431,true,true,524,507,Liverpool,ENGLAND
1998-04-04,1998-01-04,431,true,true,848,730,London,ENGLAND
1901-07-17,1901-06-17,431,true,true,59,798,Napoli,ITALIE
1986-03-04,1986-02-04,431,true,true,169,353,marseille,FRANCE
1986-04-04,1986-02-04,431,true,true,228,499,Napoli,ITALIE
1986-05-04,1986-02-04,431,true,true,6,99,Barcelona,ESPAGNE
1951-01-25,1950-12-25,432,true,true,365,6,New York,UNITED STATE OF AMERICA
1951-02-25,1950-12-25,432,true,true,43,189,Elizabeth,SOUTH AFRICA
1955-02-21,1955-01-21,432,true,true,330,47,Liverpool,ENGLAND
1955-03-21,1955-01-21,432,true,true,82,55,Alger,ALGERIA
1957-10-07,1957-09-07,433,true,true,4,10,Yingkou ,CHINA
1957-11-07,1957-09-07,433,true,true,7,16,Alger,ALGERIA
1978-01-12,1977-12-12,434,true,true,26,89,New York,UNITED STATE OF AMERICA
1978-02-12,1977-12-12,434,true,true,53,24,Tianjin  ,CHINA
1916-06-28,1916-05-28,437,true,true,12,17,Porto,PORTUGAL
1916-07-28,1916-05-28,437,true,true,6,2,Tianjin  ,CHINA
1916-08-28,1916-05-28,437,true,true,12,14,Los Angeles,UNITED STATE OF AMERICA
1974-10-10,1974-09-10,439,true,true,64,57,Monreal,CANADA
1974-11-10,1974-09-10,439,true,true,94,27,marseille,FRANCE
1974-12-10,1974-09-10,439,true,true,36,119,Barcelona,ESPAGNE
1963-11-23,1963-10-23,439,true,true,10,353,Lisbonne,PORTUGAL
1960-08-14,1960-07-14,440,true,true,2211,969,marseille,FRANCE
1960-09-14,1960-07-14,440,true,true,1915,1252,London,ENGLAND
1955-08-10,1955-07-10,440,true,true,1073,4133,Los Angeles,UNITED STATE OF AMERICA
1955-09-10,1955-07-10,440,true,true,2096,387,Los Angeles,UNITED STATE OF AMERICA
1955-10-10,1955-07-10,440,true,true,490,2799,London,ENGLAND
1955-11-10,1955-07-10,440,true,true,2147,54,marseille,FRANCE
1955-05-26,1955-04-26,441,true,true,47,49,Dublin,IRLAND
1977-12-24,1977-11-24,444,true,true,749,528,Alger,ALGERIA
1949-09-22,1949-08-22,445,true,true,699,1070,Oran,ALGERIA
1949-10-22,1949-08-22,445,true,true,468,372,Alger,ALGERIA
2003-11-25,2003-10-25,445,true,true,459,3095,Annaba,ALGERIA
2003-12-25,2003-10-25,445,true,true,2941,1284,Los Angeles,UNITED STATE OF AMERICA
2004-01-25,2003-10-25,445,true,true,702,228,London,ENGLAND
1976-12-06,1976-11-06,445,true,true,13,1502,Annaba,ALGERIA
1979-08-22,1979-07-22,447,true,true,603,1646,Alger,ALGERIA
1979-09-22,1979-07-22,447,true,true,477,893,marseille,FRANCE
1923-07-22,1923-06-22,447,true,true,33,91,Oran,ALGERIA
1923-08-22,1923-06-22,447,true,true,204,182,Annaba,ALGERIA
1923-09-22,1923-06-22,447,true,true,2532,2944,Annaba,ALGERIA
2010-07-11,2010-06-11,447,true,true,438,1034,London,ENGLAND
1992-12-02,1992-11-02,447,true,true,2814,2841,Annaba,ALGERIA
1993-01-02,1992-11-02,447,true,true,52,70,Alger,ALGERIA
1993-02-02,1992-11-02,447,true,true,616,1599,Alger,ALGERIA
1933-09-19,1933-08-19,454,true,true,12,3,Alger,ALGERIA
1933-10-19,1933-08-19,454,true,true,7,1,London,ENGLAND
1933-11-19,1933-08-19,454,true,true,2,52,Dublin,IRLAND
1968-05-22,1968-04-22,456,true,true,9,20,Lisbonne,PORTUGAL
1968-06-22,1968-04-22,456,true,true,8,22,Liverpool,ENGLAND
1968-07-22,1968-04-22,456,true,true,578,17,Alger,ALGERIA
1968-08-22,1968-04-22,456,true,true,256,333,Barcelona,ESPAGNE
2011-06-27,2011-05-27,457,true,true,31,16,Elizabeth,SOUTH AFRICA
2019-09-21,2019-08-21,457,true,true,1140,828,Barcelona,ESPAGNE
2019-10-21,2019-08-21,457,true,true,315,205,Liverpool,ENGLAND
2019-11-21,2019-08-21,457,true,true,51,25,New York,UNITED STATE OF AMERICA
2019-12-21,2019-08-21,457,true,true,125,766,New York,UNITED STATE OF AMERICA
1958-01-19,1957-12-19,463,true,true,69,92,Yingkou ,CHINA
1958-02-19,1957-12-19,463,true,true,18,262,Barcelona,ESPAGNE
1958-03-19,1957-12-19,463,true,true,247,38,New York,UNITED STATE OF AMERICA
1982-07-08,1982-06-08,466,true,true,6,8,Napoli,ITALIE
1911-09-09,1911-08-09,467,true,true,14,40,Lisbonne,PORTUGAL
2015-06-23,2015-05-23,472,true,true,38,96,Buenos Aires,ARGENTINA
2015-07-23,2015-05-23,472,true,true,465,513,Buenos Aires,ARGENTINA
1999-07-19,1999-06-19,472,true,true,68,426,Buenos Aires,ARGENTINA
1999-08-19,1999-06-19,472,true,true,375,42,Lisbonne,PORTUGAL
1999-09-19,1999-06-19,472,true,true,97,118,Oran,ALGERIA
1999-10-19,1999-06-19,472,true,true,318,347,Porto,PORTUGAL
2010-02-19,2010-01-19,477,true,true,1396,2920,Los Angeles,UNITED STATE OF AMERICA
2010-03-19,2010-01-19,477,true,true,212,418,New York,UNITED STATE OF AMERICA
2010-04-19,2010-01-19,477,true,true,1647,495,Alger,ALGERIA
2010-05-19,2010-01-19,477,true,true,193,547,London,ENGLAND
1997-04-23,1997-03-23,478,true,true,1556,1733,marseille,FRANCE
1997-05-23,1997-03-23,478,true,true,442,2325,London,ENGLAND
1997-06-23,1997-03-23,478,true,true,2188,1526,marseille,FRANCE
1997-07-23,1997-03-23,478,true,true,967,1288,Los Angeles,UNITED STATE OF AMERICA
2003-05-03,2003-04-03,478,true,true,2563,2486,London,ENGLAND
2003-06-03,2003-04-03,478,true,true,3040,3154,Oran,ALGERIA
2003-07-03,2003-04-03,478,true,true,1973,2162,Oran,ALGERIA
1967-07-15,1967-06-15,478,true,true,352,885,marseille,FRANCE
1967-08-15,1967-06-15,478,true,true,1216,1426,Annaba,ALGERIA
1967-09-15,1967-06-15,478,true,true,1289,1651,London,ENGLAND
1954-10-22,1954-09-22,480,true,true,385,1462,Oran,ALGERIA
1954-11-22,1954-09-22,480,true,true,1699,929,London,ENGLAND
1954-12-22,1954-09-22,480,true,true,1409,1921,marseille,FRANCE
1909-08-15,1909-07-15,481,true,true,190,145,marseille,FRANCE
1909-09-15,1909-07-15,481,true,true,399,196,Los Angeles,UNITED STATE OF AMERICA
1909-10-15,1909-07-15,481,true,true,1930,259,Los Angeles,UNITED STATE OF AMERICA
1932-09-04,1932-08-04,483,true,true,164,290,Barcelona,ESPAGNE
1925-02-06,1925-01-06,483,true,true,31,260,London,ENGLAND
1910-11-01,1910-10-01,484,true,true,280,571,New York,UNITED STATE OF AMERICA
1935-03-17,1935-02-17,493,true,true,75,29,Liverpool,ENGLAND
1935-04-17,1935-02-17,493,true,true,92,167,Napoli,ITALIE
1935-05-17,1935-02-17,493,true,true,684,62,marseille,FRANCE
1989-04-20,1989-03-20,493,true,true,207,56,Liverpool,ENGLAND
1989-05-20,1989-03-20,493,true,true,548,402,Elizabeth,SOUTH AFRICA
1989-06-20,1989-03-20,493,true,true,293,906,London,ENGLAND
1989-07-20,1989-03-20,493,true,true,642,214,Liverpool,ENGLAND
1942-09-14,1942-08-14,494,true,true,130,152,Elizabeth,SOUTH AFRICA
1942-10-14,1942-08-14,494,true,true,39,289,marseille,FRANCE
1981-04-06,1981-03-06,496,true,true,251,371,Lisbonne,PORTUGAL
1969-10-12,1969-09-12,496,true,true,8,293,Yingkou ,CHINA
1969-11-12,1969-09-12,496,true,true,99,22,Elizabeth,SOUTH AFRICA
2000-06-22,2000-05-22,497,true,true,197,87,London,ENGLAND
2021-05-08,2021-04-08,497,true,true,177,38,London,ENGLAND
1982-08-22,1982-07-22,502,true,true,1243,1070,marseille,FRANCE
1969-03-23,1969-02-23,502,true,true,12,67,London,ENGLAND
1955-10-16,1955-09-16,503,true,true,662,162,London,ENGLAND
1955-11-16,1955-09-16,503,true,true,905,152,London,ENGLAND
1955-12-16,1955-09-16,503,true,true,991,1308,New York,UNITED STATE OF AMERICA
2016-05-10,2016-04-10,506,true,true,16,2893,Los Angeles,UNITED STATE OF AMERICA
2016-06-10,2016-04-10,506,true,true,386,296,marseille,FRANCE
1924-03-25,1924-02-25,506,true,true,2562,2789,Los Angeles,UNITED STATE OF AMERICA
1924-04-25,1924-02-25,506,true,true,412,97,marseille,FRANCE
1924-05-25,1924-02-25,506,true,true,1651,1278,Los Angeles,UNITED STATE OF AMERICA
1940-12-25,1940-11-25,509,true,true,1521,2369,Oran,ALGERIA
1941-01-25,1940-11-25,509,true,true,1305,1769,Alger,ALGERIA
1941-02-25,1940-11-25,509,true,true,753,330,Oran,ALGERIA
1967-06-26,1967-05-26,513,true,true,64,308,Elizabeth,SOUTH AFRICA
1967-07-26,1967-05-26,513,true,true,403,389,Los Angeles,UNITED STATE OF AMERICA
1967-08-26,1967-05-26,513,true,true,1046,968,Liverpool,ENGLAND
1967-09-26,1967-05-26,513,true,true,453,1401,Elizabeth,SOUTH AFRICA
1996-06-16,1996-05-16,523,true,true,91,81,Barcelona,ESPAGNE
1935-04-16,1935-03-16,525,true,true,1761,3542,London,ENGLAND
1921-07-24,1921-06-24,526,true,true,188,82,Tianjin  ,CHINA
1921-08-24,1921-06-24,526,true,true,179,208,Tianjin  ,CHINA
2014-09-18,2014-08-18,527,true,true,37,8,Liverpool,ENGLAND
2014-10-18,2014-08-18,527,true,true,45,5,marseille,FRANCE
1984-05-27,1984-04-27,527,true,true,1,91,marseille,FRANCE
1984-06-27,1984-04-27,527,true,true,41,1,Santa Maria,PEROU
1984-07-27,1984-04-27,527,true,true,42,8,Elizabeth,SOUTH AFRICA
2002-10-10,2002-09-10,528,true,true,34,28,De satntos,BRAZIL
2002-11-10,2002-09-10,528,true,true,123,43,Buenos Aires,ARGENTINA
2002-12-10,2002-09-10,528,true,true,43,16,De satntos,BRAZIL
2003-01-10,2002-09-10,528,true,true,42,81,brest,FRANCE
1975-11-02,1975-10-02,530,true,true,250,363,Lisbonne,PORTUGAL
1975-12-02,1975-10-02,530,true,true,107,29,Lisbonne,PORTUGAL
1976-01-02,1975-10-02,530,true,true,159,369,New York,UNITED STATE OF AMERICA
1972-10-25,1972-09-25,530,true,true,592,628,Barcelona,ESPAGNE
1972-12-17,1972-11-17,530,true,true,2,28,Porto,PORTUGAL
1918-05-07,1918-04-07,530,true,true,566,559,Buenos Aires,ARGENTINA
1949-11-25,1949-10-25,535,true,true,1613,1,Alger,ALGERIA
1939-09-03,1939-08-03,541,true,true,564,1460,London,ENGLAND
1980-08-19,1980-07-19,541,true,true,193,1730,Oran,ALGERIA
1980-09-19,1980-07-19,541,true,true,2123,852,London,ENGLAND
1980-10-19,1980-07-19,541,true,true,160,567,Los Angeles,UNITED STATE OF AMERICA
1939-10-24,1939-09-24,541,true,true,1262,3510,Los Angeles,UNITED STATE OF AMERICA
1939-11-24,1939-09-24,541,true,true,1979,193,London,ENGLAND
1939-12-24,1939-09-24,541,true,true,1739,1703,Oran,ALGERIA
1938-07-01,1938-06-01,541,true,true,1096,1943,Oran,ALGERIA
1989-08-27,1989-07-27,541,true,true,1027,437,Alger,ALGERIA
1989-09-27,1989-07-27,541,true,true,479,1996,marseille,FRANCE
1980-07-17,1980-06-17,545,true,true,5,6,Buenos Aires,ARGENTINA
1980-08-17,1980-06-17,545,true,true,39,57,Elizabeth,SOUTH AFRICA
1980-09-17,1980-06-17,545,true,true,15,1,Liverpool,ENGLAND
1980-10-17,1980-06-17,545,true,true,38,58,Liverpool,ENGLAND
1939-11-08,1939-10-08,551,true,true,1629,598,London,ENGLAND
1939-12-08,1939-10-08,551,true,true,1668,1499,Los Angeles,UNITED STATE OF AMERICA
1981-11-24,1981-10-24,551,true,true,666,2189,London,ENGLAND
1981-12-24,1981-10-24,551,true,true,470,284,Los Angeles,UNITED STATE OF AMERICA
1982-01-24,1981-10-24,551,true,true,1441,452,London,ENGLAND
2020-03-12,2020-02-12,551,true,true,72,45,marseille,FRANCE
1987-10-03,1987-09-03,551,true,true,99,686,Los Angeles,UNITED STATE OF AMERICA
1987-11-03,1987-09-03,551,true,true,1197,696,London,ENGLAND
1927-11-13,1927-10-13,551,true,true,1602,1884,London,ENGLAND
1927-12-13,1927-10-13,551,true,true,625,814,Los Angeles,UNITED STATE OF AMERICA
1928-01-13,1927-10-13,551,true,true,1309,1445,marseille,FRANCE
1995-09-10,1995-08-10,553,true,true,70,43,Los Angeles,UNITED STATE OF AMERICA
1995-10-10,1995-08-10,553,true,true,10,44,marseille,FRANCE
1999-01-26,1998-12-26,559,true,true,1166,33,Annaba,ALGERIA
1999-02-26,1998-12-26,559,true,true,562,514,Alger,ALGERIA
1976-08-17,1976-07-17,561,true,true,148,451,marseille,FRANCE
2008-06-13,2008-05-13,561,true,true,254,1586,marseille,FRANCE
2008-07-13,2008-05-13,561,true,true,1826,2033,marseille,FRANCE
1914-01-24,1913-12-24,561,true,true,18,3362,marseille,FRANCE
1914-02-24,1913-12-24,561,true,true,125,374,London,ENGLAND
1914-03-24,1913-12-24,561,true,true,3597,46,marseille,FRANCE
1948-05-15,1948-04-15,563,true,true,221,711,New York,UNITED STATE OF AMERICA
1948-06-15,1948-04-15,563,true,true,552,439,Los Angeles,UNITED STATE OF AMERICA
1948-07-15,1948-04-15,563,true,true,304,209,Yingkou ,CHINA
1944-04-18,1944-03-18,568,true,true,1028,140,Oran,ALGERIA
1944-05-18,1944-03-18,568,true,true,575,3762,Oran,ALGERIA
1944-06-18,1944-03-18,568,true,true,2537,214,marseille,FRANCE
1944-07-18,1944-03-18,568,true,true,847,2831,Los Angeles,UNITED STATE OF AMERICA
1906-06-10,1906-05-10,568,true,true,318,788,London,ENGLAND
1906-07-10,1906-05-10,568,true,true,56,1259,London,ENGLAND
1906-08-10,1906-05-10,568,true,true,2925,2399,New York,UNITED STATE OF AMERICA
1906-09-10,1906-05-10,568,true,true,1246,384,Oran,ALGERIA
1943-07-26,1943-06-26,570,true,true,198,684,New York,UNITED STATE OF AMERICA
1943-08-26,1943-06-26,570,true,true,290,600,London,ENGLAND
1997-05-25,1997-04-25,570,true,true,606,1185,marseille,FRANCE
1997-06-25,1997-04-25,570,true,true,229,1245,London,ENGLAND
1997-07-25,1997-04-25,570,true,true,221,408,marseille,FRANCE
1977-03-13,1977-02-13,572,true,true,22,22,Los Angeles,UNITED STATE OF AMERICA
2002-01-18,2001-12-18,573,true,true,2543,2841,marseille,FRANCE
2019-09-10,2019-08-10,573,true,true,1427,2475,New York,UNITED STATE OF AMERICA
2019-10-10,2019-08-10,573,true,true,540,399,New York,UNITED STATE OF AMERICA
2019-11-10,2019-08-10,573,true,true,893,183,London,ENGLAND
2007-04-14,2007-03-14,573,true,true,1119,1668,Los Angeles,UNITED STATE OF AMERICA
2007-05-14,2007-03-14,573,true,true,824,1258,London,ENGLAND
1984-06-25,1984-05-25,574,true,true,1,2,New York,UNITED STATE OF AMERICA
1970-02-12,1970-01-12,574,true,true,6,13,Santa Maria,PEROU
1970-03-12,1970-01-12,574,true,true,2,3,Buenos Aires,ARGENTINA
1970-04-12,1970-01-12,574,true,true,0,1,Cochin,INDIA
1970-05-12,1970-01-12,574,true,true,10,0,Santa Maria,PEROU
1926-04-07,1926-03-07,575,true,true,2256,827,Los Angeles,UNITED STATE OF AMERICA
1926-05-07,1926-03-07,575,true,true,169,295,London,ENGLAND
1926-06-07,1926-03-07,575,true,true,39,853,Oran,ALGERIA
2003-06-10,2003-05-10,578,true,true,2,21,brest,FRANCE
2003-07-10,2003-05-10,578,true,true,51,5,Rabat,MAROC
2003-08-10,2003-05-10,578,true,true,12,46,Casablanca,MAROC
2003-09-10,2003-05-10,578,true,true,46,8,Buenos Aires,ARGENTINA
2010-02-06,2010-01-06,580,true,true,1199,2387,London,ENGLAND
2010-03-06,2010-01-06,580,true,true,1299,950,marseille,FRANCE
1984-02-25,1984-01-25,580,true,true,700,1952,marseille,FRANCE
1984-03-25,1984-01-25,580,true,true,1519,309,London,ENGLAND
1923-03-19,1923-02-19,580,true,true,2374,581,London,ENGLAND
1923-04-19,1923-02-19,580,true,true,620,2072,London,ENGLAND
1973-08-11,1973-07-11,580,true,true,1158,2659,marseille,FRANCE
1958-07-01,1958-06-01,581,true,true,590,859,Elizabeth,SOUTH AFRICA
1958-08-01,1958-06-01,581,true,true,1375,1594,marseille,FRANCE
1918-10-12,1918-09-12,582,true,true,554,1126,Los Angeles,UNITED STATE OF AMERICA
1918-11-12,1918-09-12,582,true,true,760,423,New York,UNITED STATE OF AMERICA
1920-01-01,1919-12-01,584,true,true,89,1130,Barcelona,ESPAGNE
1920-02-01,1919-12-01,584,true,true,255,361,London,ENGLAND
1920-03-01,1919-12-01,584,true,true,101,180,marseille,FRANCE
1924-07-25,1924-06-25,592,true,true,1442,1866,marseille,FRANCE
1924-08-25,1924-06-25,592,true,true,1440,1993,Oran,ALGERIA
1924-09-25,1924-06-25,592,true,true,1763,1521,marseille,FRANCE
1939-02-06,1939-01-06,593,true,true,55,1176,Oran,ALGERIA
1939-03-06,1939-01-06,593,true,true,538,438,Alger,ALGERIA
1970-02-21,1970-01-21,594,true,true,11,16,brest,FRANCE
1970-03-21,1970-01-21,594,true,true,18,26,Los Angeles,UNITED STATE OF AMERICA
1953-03-21,1953-02-21,594,true,true,56,21,De satntos,BRAZIL
1953-04-21,1953-02-21,594,true,true,125,81,Yingkou ,CHINA
1953-05-21,1953-02-21,594,true,true,119,105,Monreal,CANADA
1941-06-23,1941-05-23,594,true,true,101,11,De satntos,BRAZIL
2015-09-28,2015-08-28,596,true,true,542,544,Liverpool,ENGLAND
1936-01-19,1935-12-19,599,true,true,332,137,Annaba,ALGERIA
2007-04-24,2007-03-24,602,true,true,19,199,Liverpool,ENGLAND
2007-05-24,2007-03-24,602,true,true,249,190,Elizabeth,SOUTH AFRICA
2007-06-24,2007-03-24,602,true,true,103,138,Porto,PORTUGAL
2007-07-24,2007-03-24,602,true,true,190,268,Annaba,ALGERIA
1963-08-23,1963-07-23,608,true,true,310,675,New York,UNITED STATE OF AMERICA
1963-09-23,1963-07-23,608,true,true,1954,2871,marseille,FRANCE
1963-10-23,1963-07-23,608,true,true,65,1033,Annaba,ALGERIA
1963-11-23,1963-07-23,608,true,true,2344,2038,Annaba,ALGERIA
1944-10-28,1944-09-28,610,true,true,590,1565,Los Angeles,UNITED STATE OF AMERICA
1944-11-28,1944-09-28,610,true,true,1030,1109,London,ENGLAND
1944-12-28,1944-09-28,610,true,true,235,554,Annaba,ALGERIA
1945-01-28,1944-09-28,610,true,true,1073,569,Annaba,ALGERIA
1931-02-28,1931-01-28,610,true,true,1518,1827,Alger,ALGERIA
1931-03-28,1931-01-28,610,true,true,631,1187,Los Angeles,UNITED STATE OF AMERICA
1925-08-13,1925-07-13,611,true,true,191,431,Alger,ALGERIA
1925-09-13,1925-07-13,611,true,true,423,32,Barcelona,ESPAGNE
1951-09-17,1951-08-17,613,true,true,227,100,Cochin,INDIA
1951-10-17,1951-08-17,613,true,true,130,178,Barcelona,ESPAGNE
1951-11-17,1951-08-17,613,true,true,14,78,Porto,PORTUGAL
1921-12-12,1921-11-12,615,true,true,655,1081,marseille,FRANCE
1922-01-12,1921-11-12,615,true,true,218,605,Oran,ALGERIA
1964-12-12,1964-11-12,615,true,true,1110,1357,Annaba,ALGERIA
1965-01-12,1964-11-12,615,true,true,159,218,marseille,FRANCE
1965-02-12,1964-11-12,615,true,true,333,218,Alger,ALGERIA
1965-03-12,1964-11-12,615,true,true,816,1476,Alger,ALGERIA
1930-09-20,1930-08-20,618,true,true,2763,2614,Los Angeles,UNITED STATE OF AMERICA
1930-10-20,1930-08-20,618,true,true,2974,2205,Los Angeles,UNITED STATE OF AMERICA
1954-08-04,1954-07-04,618,true,true,169,295,London,ENGLAND
1992-02-26,1992-01-26,618,true,true,4494,15,Los Angeles,UNITED STATE OF AMERICA
1992-03-26,1992-01-26,618,true,true,923,2611,Los Angeles,UNITED STATE OF AMERICA
1993-08-13,1993-07-13,618,true,true,3492,2535,Los Angeles,UNITED STATE OF AMERICA
1993-09-13,1993-07-13,618,true,true,896,3270,Los Angeles,UNITED STATE OF AMERICA
1993-10-13,1993-07-13,618,true,true,2595,1244,marseille,FRANCE
1915-06-21,1915-05-21,618,true,true,868,294,marseille,FRANCE
1953-02-20,1953-01-20,618,true,true,3102,3279,New York,UNITED STATE OF AMERICA
1953-03-20,1953-01-20,618,true,true,1073,849,New York,UNITED STATE OF AMERICA
1953-04-20,1953-01-20,618,true,true,1580,1077,New York,UNITED STATE OF AMERICA
1933-07-24,1933-06-24,619,true,true,2554,1488,Annaba,ALGERIA
1954-01-25,1953-12-25,619,true,true,785,3225,marseille,FRANCE
1954-02-25,1953-12-25,619,true,true,1607,129,Annaba,ALGERIA
1920-03-23,1920-02-23,620,true,true,950,2058,London,ENGLAND
1920-04-23,1920-02-23,620,true,true,2579,2672,London,ENGLAND
1920-05-23,1920-02-23,620,true,true,257,2992,New York,UNITED STATE OF AMERICA
1920-06-23,1920-02-23,620,true,true,3079,374,New York,UNITED STATE OF AMERICA
2018-12-24,2018-11-24,622,true,true,617,822,Oran,ALGERIA
2019-01-24,2018-11-24,622,true,true,245,277,Oran,ALGERIA
2019-02-24,2018-11-24,622,true,true,937,585,Oran,ALGERIA
1960-12-27,1960-11-27,624,true,true,532,260,Annaba,ALGERIA
1961-01-27,1960-11-27,624,true,true,2028,509,Los Angeles,UNITED STATE OF AMERICA
1961-02-27,1960-11-27,624,true,true,190,1132,Annaba,ALGERIA
1961-03-27,1960-11-27,624,true,true,2824,399,Oran,ALGERIA
1959-07-03,1959-06-03,624,true,true,3499,2428,Los Angeles,UNITED STATE OF AMERICA
1959-08-03,1959-06-03,624,true,true,1253,2719,New York,UNITED STATE OF AMERICA
1959-09-03,1959-06-03,624,true,true,1045,97,New York,UNITED STATE OF AMERICA
1925-10-17,1925-09-17,624,true,true,531,899,London,ENGLAND
1925-11-17,1925-09-17,624,true,true,2286,2415,marseille,FRANCE
1966-08-08,1966-07-08,644,true,true,21,76,brest,FRANCE
1982-02-08,1982-01-08,644,true,true,17,137,De satntos,BRAZIL
1982-03-08,1982-01-08,644,true,true,129,55,Porto,PORTUGAL
1982-04-08,1982-01-08,644,true,true,70,161,Napoli,ITALIE
1982-05-08,1982-01-08,644,true,true,99,23,Porto,PORTUGAL
1936-01-11,1935-12-11,644,true,true,50,85,Buenos Aires,ARGENTINA
1936-02-11,1935-12-11,644,true,true,25,33,la rochelle,FRANCE
1961-04-12,1961-03-12,645,true,true,294,1152,Alger,ALGERIA
1961-05-12,1961-03-12,645,true,true,1346,2015,Annaba,ALGERIA
1961-06-12,1961-03-12,645,true,true,552,700,New York,UNITED STATE OF AMERICA
1987-12-18,1987-11-18,645,true,true,162,498,Alger,ALGERIA
1988-01-18,1987-11-18,645,true,true,1465,2528,New York,UNITED STATE OF AMERICA
1921-05-21,1921-04-21,645,true,true,1597,745,London,ENGLAND
1921-06-21,1921-04-21,645,true,true,2540,1379,Los Angeles,UNITED STATE OF AMERICA
1921-07-21,1921-04-21,645,true,true,1249,2091,Oran,ALGERIA
1921-08-21,1921-04-21,645,true,true,1336,1244,Los Angeles,UNITED STATE OF AMERICA
1963-10-10,1963-09-10,645,true,true,896,964,marseille,FRANCE
1930-02-28,1930-01-28,649,true,true,1375,1572,Annaba,ALGERIA
1930-03-28,1930-01-28,649,true,true,2215,2190,marseille,FRANCE
1930-04-28,1930-01-28,649,true,true,211,580,Oran,ALGERIA
1924-10-18,1924-09-18,650,true,true,1,4,Monreal,CANADA
1924-11-18,1924-09-18,650,true,true,15,1,Barcelona,ESPAGNE
1924-12-18,1924-09-18,650,true,true,5,3,Elizabeth,SOUTH AFRICA
1909-09-21,1909-08-21,652,true,true,301,330,Porto,PORTUGAL
1961-01-12,1960-12-12,653,true,true,8,3,marseille,FRANCE
1961-02-12,1960-12-12,653,true,true,20,38,De satntos,BRAZIL
1961-03-12,1960-12-12,653,true,true,175,373,Monreal,CANADA
1926-04-06,1926-03-06,654,true,true,387,1085,Alger,ALGERIA
1979-02-19,1979-01-19,654,true,true,3019,3222,Annaba,ALGERIA
1979-03-19,1979-01-19,654,true,true,1565,2245,marseille,FRANCE
1979-04-19,1979-01-19,654,true,true,1545,1252,Los Angeles,UNITED STATE OF AMERICA
1909-07-08,1909-06-08,660,true,true,184,868,Los Angeles,UNITED STATE OF AMERICA
1996-04-17,1996-03-17,660,true,true,75,1019,marseille,FRANCE
1996-05-17,1996-03-17,660,true,true,346,418,Los Angeles,UNITED STATE OF AMERICA
1903-05-02,1903-04-02,662,true,true,44,53,New York,UNITED STATE OF AMERICA
1903-06-02,1903-04-02,662,true,true,21,28,Novorossiysk ,RUSSIA
1903-07-02,1903-04-02,662,true,true,8,7,Lisbonne,PORTUGAL
2020-10-23,2020-09-23,663,true,true,46,87,New York,UNITED STATE OF AMERICA
2020-11-23,2020-09-23,663,true,true,110,576,Annaba,ALGERIA
2020-12-23,2020-09-23,663,true,true,878,183,Annaba,ALGERIA
2021-01-23,2020-09-23,663,true,true,455,543,Los Angeles,UNITED STATE OF AMERICA
1904-12-11,1904-11-11,666,true,true,134,69,marseille,FRANCE
1905-01-11,1904-11-11,666,true,true,2934,91,London,ENGLAND
1905-02-11,1904-11-11,666,true,true,12,1561,London,ENGLAND
1993-02-05,1993-01-05,669,true,true,389,887,Barcelona,ESPAGNE
1993-03-05,1993-01-05,669,true,true,589,321,Liverpool,ENGLAND
1996-02-19,1996-01-19,674,true,true,105,74,Oran,ALGERIA
1996-03-19,1996-01-19,674,true,true,38,24,Tunis,TUNISIA
1996-04-19,1996-01-19,674,true,true,76,5,Barcelona,ESPAGNE
1996-05-19,1996-01-19,674,true,true,111,67,marseille,FRANCE
1952-02-08,1952-01-08,675,true,true,868,441,London,ENGLAND
1952-03-08,1952-01-08,675,true,true,50,121,Oran,ALGERIA
1952-04-08,1952-01-08,675,true,true,1013,376,Alger,ALGERIA
2007-04-10,2007-03-10,678,true,true,46,141,Los Angeles,UNITED STATE OF AMERICA
2007-05-10,2007-03-10,678,true,true,75,90,marseille,FRANCE
2021-09-08,2021-08-08,684,true,true,2109,365,Alger,ALGERIA
2021-10-08,2021-08-08,684,true,true,776,462,Alger,ALGERIA
2021-11-08,2021-08-08,684,true,true,1106,1831,London,ENGLAND
1975-03-03,1975-02-03,684,true,true,1572,1338,Oran,ALGERIA
1900-06-14,1900-05-14,686,true,true,57,137,New York,UNITED STATE OF AMERICA
1961-07-16,1961-06-16,694,true,true,321,92,Elizabeth,SOUTH AFRICA
1961-08-16,1961-06-16,694,true,true,1052,709,marseille,FRANCE
1999-06-19,1999-05-19,695,true,true,124,248,Los Angeles,UNITED STATE OF AMERICA
1949-08-21,1949-07-21,697,true,true,187,48,Alger,ALGERIA
1949-09-21,1949-07-21,697,true,true,370,545,marseille,FRANCE
1998-10-06,1998-09-06,697,true,true,823,873,Elizabeth,SOUTH AFRICA
1998-11-06,1998-09-06,697,true,true,235,538,Liverpool,ENGLAND
1998-12-06,1998-09-06,697,true,true,187,851,Oran,ALGERIA
1925-12-01,1925-11-01,698,true,true,237,153,Yingkou ,CHINA
1926-01-01,1925-11-01,698,true,true,13,108,Liverpool,ENGLAND
1926-02-01,1925-11-01,698,true,true,204,146,Buenos Aires,ARGENTINA
1912-12-13,1912-11-13,703,true,true,51,952,Liverpool,ENGLAND
1913-01-13,1912-11-13,703,true,true,623,182,Barcelona,ESPAGNE
1963-05-03,1963-04-03,703,true,true,1037,1447,Napoli,ITALIE
1986-10-23,1986-09-23,706,true,true,1114,805,Oran,ALGERIA
1994-05-06,1994-04-06,706,true,true,818,110,Oran,ALGERIA
1994-06-06,1994-04-06,706,true,true,242,223,New York,UNITED STATE OF AMERICA
1936-08-19,1936-07-19,708,true,true,155,9,Buenos Aires,ARGENTINA
1936-09-19,1936-07-19,708,true,true,237,263,la rochelle,FRANCE
1936-10-19,1936-07-19,708,true,true,105,56,Cochin,INDIA
1973-10-22,1973-09-22,710,true,true,252,101,Elizabeth,SOUTH AFRICA
1973-11-22,1973-09-22,710,true,true,134,1002,Liverpool,ENGLAND
1973-12-22,1973-09-22,710,true,true,488,206,Oran,ALGERIA
1974-01-22,1973-09-22,710,true,true,142,120,Alger,ALGERIA
1933-06-03,1933-05-03,713,true,true,1606,2091,Alger,ALGERIA
1951-04-18,1951-03-18,713,true,true,859,2362,Annaba,ALGERIA
1951-05-18,1951-03-18,713,true,true,1488,1813,marseille,FRANCE
1951-06-18,1951-03-18,713,true,true,784,313,Annaba,ALGERIA
1946-12-17,1946-11-17,713,true,true,1525,146,Annaba,ALGERIA
1947-01-17,1946-11-17,713,true,true,1557,1507,Oran,ALGERIA
1947-02-17,1946-11-17,713,true,true,2555,781,Annaba,ALGERIA
1947-03-17,1946-11-17,713,true,true,106,1779,Annaba,ALGERIA
1942-01-13,1941-12-13,713,true,true,1404,948,London,ENGLAND
1942-02-13,1941-12-13,713,true,true,603,224,Oran,ALGERIA
1917-09-24,1917-08-24,717,true,true,60,129,Porto,PORTUGAL
1917-10-24,1917-08-24,717,true,true,590,545,Oran,ALGERIA
1918-03-27,1918-02-27,717,true,true,137,172,Napoli,ITALIE
1918-04-27,1918-02-27,717,true,true,541,857,London,ENGLAND
1918-05-27,1918-02-27,717,true,true,187,605,Buenos Aires,ARGENTINA
1923-02-21,1923-01-21,720,true,true,676,3170,Oran,ALGERIA
1923-03-21,1923-01-21,720,true,true,2918,1375,Alger,ALGERIA
1923-04-21,1923-01-21,720,true,true,940,872,marseille,FRANCE
1931-09-03,1931-08-03,720,true,true,550,3525,London,ENGLAND
1931-10-03,1931-08-03,720,true,true,1932,560,Alger,ALGERIA
1931-11-03,1931-08-03,720,true,true,2872,2498,Oran,ALGERIA
1931-12-03,1931-08-03,720,true,true,1293,2198,Annaba,ALGERIA
1986-05-06,1986-04-06,720,true,true,2198,4557,marseille,FRANCE
1986-06-06,1986-04-06,720,true,true,916,112,Alger,ALGERIA
1986-07-06,1986-04-06,720,true,true,1095,950,Oran,ALGERIA
2003-08-11,2003-07-11,725,true,true,2830,4775,Annaba,ALGERIA
2003-09-11,2003-07-11,725,true,true,1836,94,Annaba,ALGERIA
2003-10-11,2003-07-11,725,true,true,89,4251,Alger,ALGERIA
1914-08-01,1914-07-01,725,true,true,1039,1133,New York,UNITED STATE OF AMERICA
1914-09-01,1914-07-01,725,true,true,1257,1150,Oran,ALGERIA
1914-10-01,1914-07-01,725,true,true,3288,470,London,ENGLAND
2019-11-09,2019-10-09,725,true,true,1815,3250,London,ENGLAND
1955-05-02,1955-04-02,725,true,true,1320,1462,London,ENGLAND
1955-06-02,1955-04-02,725,true,true,38,1448,marseille,FRANCE
1955-07-02,1955-04-02,725,true,true,4029,1719,London,ENGLAND
1953-07-02,1953-06-02,725,true,true,5,209,marseille,FRANCE
1991-05-24,1991-04-24,725,true,true,2012,4325,London,ENGLAND
1991-06-24,1991-04-24,725,true,true,1447,967,marseille,FRANCE
1909-01-22,1908-12-22,729,true,true,680,413,marseille,FRANCE
1962-08-18,1962-07-18,729,true,true,28,638,Barcelona,ESPAGNE
1962-09-18,1962-07-18,729,true,true,293,277,Elizabeth,SOUTH AFRICA
1978-07-07,1978-06-07,730,true,true,560,1829,New York,UNITED STATE OF AMERICA
1978-08-07,1978-06-07,730,true,true,822,1686,New York,UNITED STATE OF AMERICA
1957-01-28,1956-12-28,731,true,true,12,3,Rabat,MAROC
1957-02-28,1956-12-28,731,true,true,12,18,la rochelle,FRANCE
1957-03-28,1956-12-28,731,true,true,5,5,London,ENGLAND
1962-01-24,1961-12-24,731,true,true,11,8,Porto,PORTUGAL
1962-02-24,1961-12-24,731,true,true,11,10,Lisbonne,PORTUGAL
1980-06-12,1980-05-12,731,true,true,3,10,brest,FRANCE
1980-07-12,1980-05-12,731,true,true,2,1,Buenos Aires,ARGENTINA
1989-10-11,1989-09-11,743,true,true,89,194,Alger,ALGERIA
1920-03-18,1920-02-18,745,true,true,701,1244,Oran,ALGERIA
1919-04-05,1919-03-05,745,true,true,628,677,marseille,FRANCE
1919-05-05,1919-03-05,745,true,true,2,4,London,ENGLAND
1919-06-05,1919-03-05,745,true,true,992,603,London,ENGLAND
1919-07-05,1919-03-05,745,true,true,115,48,Liverpool,ENGLAND
1919-09-11,1919-08-11,745,true,true,49,144,Alger,ALGERIA
1919-10-11,1919-08-11,745,true,true,345,1258,Liverpool,ENGLAND
1919-11-11,1919-08-11,745,true,true,480,185,Elizabeth,SOUTH AFRICA
1956-04-27,1956-03-27,745,true,true,1004,1031,Barcelona,ESPAGNE
1905-08-03,1905-07-03,746,true,true,2514,2224,Oran,ALGERIA
1947-02-11,1947-01-11,746,true,true,743,4063,Annaba,ALGERIA
1947-03-11,1947-01-11,746,true,true,339,323,London,ENGLAND
1970-12-14,1970-11-14,746,true,true,99,52,Alger,ALGERIA
2016-02-15,2016-01-15,751,true,true,656,733,Oran,ALGERIA
2016-03-15,2016-01-15,751,true,true,228,2069,marseille,FRANCE
2016-04-15,2016-01-15,751,true,true,718,1394,Alger,ALGERIA
2016-05-15,2016-01-15,751,true,true,1722,1079,London,ENGLAND
1919-08-14,1919-07-14,752,true,true,769,1253,Barcelona,ESPAGNE
1919-09-14,1919-07-14,752,true,true,525,535,London,ENGLAND
1932-08-10,1932-07-10,752,true,true,108,174,London,ENGLAND
1970-07-24,1970-06-24,752,true,true,168,385,Napoli,ITALIE
1970-08-24,1970-06-24,752,true,true,84,673,Napoli,ITALIE
1970-09-24,1970-06-24,752,true,true,744,456,Elizabeth,SOUTH AFRICA
1932-09-23,1932-08-23,754,true,true,55,81,Liverpool,ENGLAND
1913-10-23,1913-09-23,755,true,true,39,44,Rabat,MAROC
1913-11-23,1913-09-23,755,true,true,9,6,Porto,PORTUGAL
1913-12-23,1913-09-23,755,true,true,6,62,Liverpool,ENGLAND
1982-08-14,1982-07-14,758,true,true,449,606,Annaba,ALGERIA
2005-05-01,2005-04-01,758,true,true,608,850,marseille,FRANCE
1941-09-09,1941-08-09,759,true,true,46,39,Lisbonne,PORTUGAL
1941-10-09,1941-08-09,759,true,true,73,69,Tianjin  ,CHINA
1941-11-09,1941-08-09,759,true,true,205,0,Liverpool,ENGLAND
1907-12-04,1907-11-04,759,true,true,447,277,Elizabeth,SOUTH AFRICA
1908-01-04,1907-11-04,759,true,true,159,286,Porto,PORTUGAL
1979-07-19,1979-06-19,759,true,true,160,0,London,ENGLAND
1998-09-17,1998-08-17,759,true,true,30,35,marseille,FRANCE
1998-10-17,1998-08-17,759,true,true,152,532,Elizabeth,SOUTH AFRICA
1998-11-17,1998-08-17,759,true,true,164,71,Alger,ALGERIA
1998-12-17,1998-08-17,759,true,true,130,197,Alger,ALGERIA
1931-04-25,1931-03-25,760,true,true,35,317,Alger,ALGERIA
1931-05-25,1931-03-25,760,true,true,600,1029,New York,UNITED STATE OF AMERICA
1931-06-25,1931-03-25,760,true,true,396,809,marseille,FRANCE
2011-04-26,2011-03-26,761,true,true,355,3693,New York,UNITED STATE OF AMERICA
2011-05-26,2011-03-26,761,true,true,2182,144,marseille,FRANCE
2011-06-26,2011-03-26,761,true,true,1755,1454,New York,UNITED STATE OF AMERICA
1956-07-06,1956-06-06,763,true,true,162,451,New York,UNITED STATE OF AMERICA
1956-08-06,1956-06-06,763,true,true,23,364,marseille,FRANCE
1939-01-23,1938-12-23,763,true,true,1020,1447,marseille,FRANCE
1939-02-23,1938-12-23,763,true,true,1228,1598,London,ENGLAND
1924-03-07,1924-02-07,764,true,true,465,230,Elizabeth,SOUTH AFRICA
1924-04-07,1924-02-07,764,true,true,118,119,Oran,ALGERIA
2017-03-17,2017-02-17,764,true,true,86,736,Buenos Aires,ARGENTINA
1923-11-26,1923-10-26,765,true,true,212,273,Los Angeles,UNITED STATE OF AMERICA
1923-12-26,1923-10-26,765,true,true,3040,3120,New York,UNITED STATE OF AMERICA
1924-01-26,1923-10-26,765,true,true,636,1871,London,ENGLAND
1956-12-22,1956-11-22,765,true,true,123,778,marseille,FRANCE
2007-02-28,2007-01-28,767,true,true,10,13,Santa Maria,PEROU
2007-03-28,2007-01-28,767,true,true,4,1,Tianjin  ,CHINA
2007-04-28,2007-01-28,767,true,true,13,13,Dublin,IRLAND
1992-02-05,1992-01-05,771,true,true,357,162,marseille,FRANCE
1992-03-05,1992-01-05,771,true,true,1084,123,Liverpool,ENGLAND
1992-04-05,1992-01-05,771,true,true,1422,1139,Elizabeth,SOUTH AFRICA
1992-05-05,1992-01-05,771,true,true,1119,1036,New York,UNITED STATE OF AMERICA
1921-02-04,1921-01-04,775,true,true,15,25,Elizabeth,SOUTH AFRICA
1921-03-04,1921-01-04,775,true,true,20,14,Yingkou ,CHINA
1921-04-04,1921-01-04,775,true,true,33,33,Yingkou ,CHINA
1940-07-20,1940-06-20,784,true,true,50,127,Santa Maria,PEROU
1940-08-20,1940-06-20,784,true,true,9,44,Los Angeles,UNITED STATE OF AMERICA
1940-09-20,1940-06-20,784,true,true,75,58,Lisbonne,PORTUGAL
1974-05-03,1974-04-03,786,true,true,2409,2990,Oran,ALGERIA
1974-06-03,1974-04-03,786,true,true,1073,1312,Oran,ALGERIA
1974-07-03,1974-04-03,786,true,true,98,717,marseille,FRANCE
1970-12-22,1970-11-22,790,true,true,38,43,Porto,PORTUGAL
1971-01-22,1970-11-22,790,true,true,65,321,Napoli,ITALIE
1971-02-22,1970-11-22,790,true,true,405,294,Liverpool,ENGLAND
1971-03-22,1970-11-22,790,true,true,41,0,Monreal,CANADA
1959-08-07,1959-07-07,792,true,true,311,619,Napoli,ITALIE
1959-09-07,1959-07-07,792,true,true,1126,822,Liverpool,ENGLAND
1903-05-08,1903-04-08,793,true,true,101,98,marseille,FRANCE
1903-06-08,1903-04-08,793,true,true,3483,199,Los Angeles,UNITED STATE OF AMERICA
1903-07-08,1903-04-08,793,true,true,1389,2071,Annaba,ALGERIA
1985-12-04,1985-11-04,793,true,true,133,902,marseille,FRANCE
1986-01-04,1985-11-04,793,true,true,2112,1892,Oran,ALGERIA
1954-11-20,1954-10-20,798,true,true,1006,2017,marseille,FRANCE
1954-12-20,1954-10-20,798,true,true,565,361,London,ENGLAND
1908-08-19,1908-07-19,798,true,true,253,286,Los Angeles,UNITED STATE OF AMERICA
1908-09-19,1908-07-19,798,true,true,1929,2136,marseille,FRANCE
1908-10-19,1908-07-19,798,true,true,447,400,Los Angeles,UNITED STATE OF AMERICA
1908-11-19,1908-07-19,798,true,true,123,1499,London,ENGLAND
2021-11-08,2021-10-08,803,true,true,197,376,Oran,ALGERIA
2021-12-08,2021-10-08,803,true,true,627,80,Oran,ALGERIA
2022-01-08,2021-10-08,803,true,true,499,0,Barcelona,ESPAGNE
1936-12-22,1936-11-22,805,true,true,106,7,Oran,ALGERIA
1900-11-18,1900-10-18,824,true,true,868,1232,Liverpool,ENGLAND
1900-12-18,1900-10-18,824,true,true,1022,1403,Alger,ALGERIA
1916-07-12,1916-06-12,828,true,true,535,562,Alger,ALGERIA
1944-03-04,1944-02-04,828,true,true,3695,58,Alger,ALGERIA
1934-11-01,1934-10-01,828,true,true,166,1760,London,ENGLAND
1934-12-01,1934-10-01,828,true,true,2230,2057,marseille,FRANCE
1935-01-01,1934-10-01,828,true,true,3112,3291,London,ENGLAND
1973-08-14,1973-07-14,828,true,true,2304,3928,New York,UNITED STATE OF AMERICA
1973-09-14,1973-07-14,828,true,true,2105,1760,Alger,ALGERIA
2003-11-08,2003-10-08,828,true,true,444,3488,London,ENGLAND
2003-12-08,2003-10-08,828,true,true,3975,1293,Los Angeles,UNITED STATE OF AMERICA
2004-01-08,2003-10-08,828,true,true,684,1311,Annaba,ALGERIA
1978-12-24,1978-11-24,834,true,true,721,35,London,ENGLAND
1979-01-24,1978-11-24,834,true,true,307,1141,marseille,FRANCE
1989-01-25,1988-12-25,835,true,true,247,1436,Los Angeles,UNITED STATE OF AMERICA
1989-02-25,1988-12-25,835,true,true,1010,171,Oran,ALGERIA
1989-03-25,1988-12-25,835,true,true,161,872,London,ENGLAND
1930-12-14,1930-11-14,835,true,true,684,92,New York,UNITED STATE OF AMERICA
1931-01-14,1930-11-14,835,true,true,71,784,Annaba,ALGERIA
2005-07-01,2005-06-01,837,true,true,750,1644,Alger,ALGERIA
1944-04-14,1944-03-14,839,true,true,17,24,brest,FRANCE
1944-05-14,1944-03-14,839,true,true,4,14,Novorossiysk ,RUSSIA
1944-06-14,1944-03-14,839,true,true,12,8,De satntos,BRAZIL
1999-05-01,1999-04-01,843,true,true,244,1504,Los Angeles,UNITED STATE OF AMERICA
1999-06-01,1999-04-01,843,true,true,769,57,Elizabeth,SOUTH AFRICA
1991-09-19,1991-08-19,844,true,true,230,834,London,ENGLAND
1944-09-28,1944-08-28,844,true,true,60,564,Barcelona,ESPAGNE
1944-10-28,1944-08-28,844,true,true,360,360,Liverpool,ENGLAND
1944-11-28,1944-08-28,844,true,true,525,163,London,ENGLAND
1965-06-21,1965-05-21,846,true,true,1063,2055,London,ENGLAND
1965-07-21,1965-05-21,846,true,true,57,2185,London,ENGLAND
1908-10-26,1908-09-26,846,true,true,1791,492,London,ENGLAND
1908-11-26,1908-09-26,846,true,true,2030,1977,London,ENGLAND
1908-12-26,1908-09-26,846,true,true,11,1897,marseille,FRANCE
1909-01-26,1908-09-26,846,true,true,2109,433,marseille,FRANCE
1934-05-06,1934-04-06,846,true,true,1481,35,marseille,FRANCE
1934-06-06,1934-04-06,846,true,true,643,1480,London,ENGLAND
1918-10-27,1918-09-27,846,true,true,2238,204,London,ENGLAND
1918-11-27,1918-09-27,846,true,true,297,801,marseille,FRANCE
1963-05-12,1963-04-12,846,true,true,1409,829,marseille,FRANCE
1963-12-10,1963-11-10,846,true,true,709,49,marseille,FRANCE
1942-03-25,1942-02-25,850,true,true,85,89,Porto,PORTUGAL
1942-04-25,1942-02-25,850,true,true,29,131,Tianjin  ,CHINA
1942-05-25,1942-02-25,850,true,true,437,451,New York,UNITED STATE OF AMERICA
1955-10-25,1955-09-25,850,true,true,231,199,London,ENGLAND
1955-11-25,1955-09-25,850,true,true,42,177,Porto,PORTUGAL
1905-10-23,1905-09-23,851,true,true,131,1,brest,FRANCE
1905-11-23,1905-09-23,851,true,true,96,96,marseille,FRANCE
1905-12-23,1905-09-23,851,true,true,52,129,Santa Maria,PEROU
2011-03-11,2011-02-11,852,true,true,121,198,New York,UNITED STATE OF AMERICA
2011-04-11,2011-02-11,852,true,true,836,1125,marseille,FRANCE
1986-06-21,1986-05-21,852,true,true,29,123,Alger,ALGERIA
1986-07-21,1986-05-21,852,true,true,144,293,marseille,FRANCE
1986-08-21,1986-05-21,852,true,true,740,562,London,ENGLAND
1964-04-17,1964-03-17,852,true,true,488,555,Alger,ALGERIA
1964-05-17,1964-03-17,852,true,true,165,97,Elizabeth,SOUTH AFRICA
1956-05-10,1956-04-10,857,true,true,2347,808,New York,UNITED STATE OF AMERICA
1948-04-02,1948-03-02,857,true,true,3296,1044,London,ENGLAND
1959-08-10,1959-07-10,857,true,true,1882,507,New York,UNITED STATE OF AMERICA
1959-09-10,1959-07-10,857,true,true,1197,1168,Alger,ALGERIA
1959-10-10,1959-07-10,857,true,true,3709,1973,Annaba,ALGERIA
1941-11-22,1941-10-22,858,true,true,1,28,Porto,PORTUGAL
1941-12-22,1941-10-22,858,true,true,47,4,Tianjin  ,CHINA
2019-10-03,2019-09-03,858,true,true,218,266,Tunis,TUNISIA
2019-11-03,2019-09-03,858,true,true,192,96,marseille,FRANCE
1979-08-10,1979-07-10,863,true,true,1813,307,Alger,ALGERIA
1979-09-10,1979-07-10,863,true,true,1093,1212,Oran,ALGERIA
1979-10-10,1979-07-10,863,true,true,1592,1446,Oran,ALGERIA
1902-05-02,1902-04-02,863,true,true,1385,237,Alger,ALGERIA
1902-06-02,1902-04-02,863,true,true,2461,1321,marseille,FRANCE
1902-07-02,1902-04-02,863,true,true,1463,360,Annaba,ALGERIA
1902-08-02,1902-04-02,863,true,true,554,465,Oran,ALGERIA
1921-10-28,1921-09-28,863,true,true,413,872,Alger,ALGERIA
1921-11-28,1921-09-28,863,true,true,1844,659,Oran,ALGERIA
1921-12-28,1921-09-28,863,true,true,2804,2265,Annaba,ALGERIA
1922-01-28,1921-09-28,863,true,true,574,1299,London,ENGLAND
1983-12-22,1983-11-22,867,true,true,54,121,brest,FRANCE
1984-01-22,1983-11-22,867,true,true,37,20,Oran,ALGERIA
1901-12-04,1901-11-04,867,true,true,212,95,brest,FRANCE
1902-01-04,1901-11-04,867,true,true,218,150,London,ENGLAND
1902-02-04,1901-11-04,867,true,true,200,296,De satntos,BRAZIL
1969-04-09,1969-03-09,870,true,true,338,63,Annaba,ALGERIA
1968-07-16,1968-06-16,880,true,true,30,33,Santa Maria,PEROU
1968-08-16,1968-06-16,880,true,true,10,14,De satntos,BRAZIL
1920-01-03,1919-12-03,881,true,true,256,281,Liverpool,ENGLAND
1920-02-03,1919-12-03,881,true,true,1382,1373,New York,UNITED STATE OF AMERICA
1920-03-03,1919-12-03,881,true,true,113,401,London,ENGLAND
1970-03-10,1970-02-10,884,true,true,831,3,Napoli,ITALIE
1970-04-10,1970-02-10,884,true,true,236,20,Alger,ALGERIA
1970-05-10,1970-02-10,884,true,true,1109,1018,Barcelona,ESPAGNE
1973-04-08,1973-03-08,885,true,true,115,464,Oran,ALGERIA
1973-05-08,1973-03-08,885,true,true,437,467,Liverpool,ENGLAND
1957-12-26,1957-11-26,886,true,true,34,18,marseille,FRANCE
1958-01-26,1957-11-26,886,true,true,44,4,marseille,FRANCE
1958-02-26,1957-11-26,886,true,true,21,37,Liverpool,ENGLAND
1958-03-26,1957-11-26,886,true,true,44,28,Los Angeles,UNITED STATE OF AMERICA
1959-11-20,1959-10-20,887,true,true,342,175,New York,UNITED STATE OF AMERICA
1946-06-22,1946-05-22,888,true,true,2269,47,Alger,ALGERIA
1995-10-14,1995-09-14,889,true,true,54,5,Dublin,IRLAND
1908-01-13,1907-12-13,889,true,true,12,32,la rochelle,FRANCE
1908-02-13,1907-12-13,889,true,true,17,36,Buenos Aires,ARGENTINA
1908-03-13,1907-12-13,889,true,true,12,21,Salerne,ITALIE
2004-10-12,2004-09-12,890,true,true,74,490,New York,UNITED STATE OF AMERICA
1945-04-01,1945-03-01,892,true,true,1041,1790,Oran,ALGERIA
2022-01-17,2021-12-17,892,true,true,1604,1756,London,ENGLAND
2022-02-17,2021-12-17,892,true,true,49,502,London,ENGLAND
2022-03-17,2021-12-17,892,true,true,1818,2671,Alger,ALGERIA
2002-02-10,2002-01-10,892,true,true,1468,1065,Oran,ALGERIA
2002-03-10,2002-01-10,892,true,true,413,1245,Alger,ALGERIA
2002-04-10,2002-01-10,892,true,true,153,639,Alger,ALGERIA
2002-05-10,2002-01-10,892,true,true,915,2027,Alger,ALGERIA
1957-04-15,1957-03-15,893,true,true,3402,4258,Los Angeles,UNITED STATE OF AMERICA
1978-10-05,1978-09-05,893,true,true,1486,1455,Los Angeles,UNITED STATE OF AMERICA
1964-04-09,1964-03-09,897,true,true,14,208,London,ENGLAND
1964-05-09,1964-03-09,897,true,true,1466,1542,marseille,FRANCE
2019-01-22,2018-12-22,897,true,true,3439,244,Alger,ALGERIA
2019-02-22,2018-12-22,897,true,true,1567,3198,London,ENGLAND
1983-10-16,1983-09-16,897,true,true,2941,632,London,ENGLAND
2014-09-24,2014-08-24,897,true,true,3287,1900,Oran,ALGERIA
2014-10-24,2014-08-24,897,true,true,215,71,Alger,ALGERIA
1947-02-07,1947-01-07,897,true,true,2971,3314,Oran,ALGERIA
1947-03-07,1947-01-07,897,true,true,673,1392,Alger,ALGERIA
1963-03-22,1963-02-22,908,true,true,2105,4499,Oran,ALGERIA
1963-04-22,1963-02-22,908,true,true,245,1623,marseille,FRANCE
1963-05-22,1963-02-22,908,true,true,1561,553,London,ENGLAND
2012-08-09,2012-07-09,913,true,true,281,640,Oran,ALGERIA
2012-09-09,2012-07-09,913,true,true,1084,1573,Oran,ALGERIA
2018-01-22,2017-12-22,914,true,true,92,28,London,ENGLAND
2018-02-22,2017-12-22,914,true,true,132,51,Alger,ALGERIA
1950-03-04,1950-02-04,919,true,true,692,815,Los Angeles,UNITED STATE OF AMERICA
1942-01-08,1941-12-08,919,true,true,1372,1321,Los Angeles,UNITED STATE OF AMERICA
1942-02-08,1941-12-08,919,true,true,214,770,marseille,FRANCE
1989-03-23,1989-02-23,922,true,true,54,114,Barcelona,ESPAGNE
1989-04-23,1989-02-23,922,true,true,284,587,Yingkou ,CHINA
1951-04-23,1951-03-23,924,true,true,0,8,Elizabeth,SOUTH AFRICA
1951-05-23,1951-03-23,924,true,true,12,14,Napoli,ITALIE
1993-12-02,1993-11-02,928,true,true,46,51,Los Angeles,UNITED STATE OF AMERICA
1931-07-01,1931-06-01,928,true,true,994,1520,Annaba,ALGERIA
1912-08-05,1912-07-05,928,true,true,2554,257,marseille,FRANCE
1912-09-05,1912-07-05,928,true,true,2874,1961,marseille,FRANCE
2007-11-19,2007-10-19,928,true,true,3481,203,Alger,ALGERIA
1986-11-09,1986-10-09,938,true,true,661,1023,London,ENGLAND
1986-12-09,1986-10-09,938,true,true,755,402,Elizabeth,SOUTH AFRICA
1983-05-07,1983-04-07,945,true,true,176,973,Alger,ALGERIA
1983-06-07,1983-04-07,945,true,true,921,148,Alger,ALGERIA
1983-07-07,1983-04-07,945,true,true,26,399,Oran,ALGERIA
1915-02-09,1915-01-09,945,true,true,1682,2401,marseille,FRANCE
1915-03-09,1915-01-09,945,true,true,672,554,marseille,FRANCE
1915-04-09,1915-01-09,945,true,true,348,1634,London,ENGLAND
1959-08-24,1959-07-24,948,true,true,125,219,Alger,ALGERIA
2005-05-02,2005-04-02,949,true,true,1134,2848,marseille,FRANCE
2005-06-02,2005-04-02,949,true,true,1079,2386,marseille,FRANCE
2005-07-02,2005-04-02,949,true,true,1260,1098,London,ENGLAND
2005-08-02,2005-04-02,949,true,true,2333,419,New York,UNITED STATE OF AMERICA
1916-06-08,1916-05-08,953,true,true,124,31,Lisbonne,PORTUGAL
1916-07-08,1916-05-08,953,true,true,23,43,Barcelona,ESPAGNE
1916-08-08,1916-05-08,953,true,true,274,269,Annaba,ALGERIA
2012-02-09,2012-01-09,957,true,true,219,249,London,ENGLAND
2012-03-09,2012-01-09,957,true,true,61,107,Cochin,INDIA
1911-07-22,1911-06-22,966,true,true,1197,375,London,ENGLAND
1911-08-22,1911-06-22,966,true,true,212,1515,New York,UNITED STATE OF AMERICA
1911-09-22,1911-06-22,966,true,true,220,923,marseille,FRANCE
1911-10-22,1911-06-22,966,true,true,594,323,London,ENGLAND
1993-09-19,1993-08-19,966,true,true,1220,1117,Los Angeles,UNITED STATE OF AMERICA
1993-10-19,1993-08-19,966,true,true,1189,981,London,ENGLAND
1993-11-19,1993-08-19,966,true,true,632,1357,London,ENGLAND
1963-07-14,1963-06-14,972,true,true,1125,460,Annaba,ALGERIA
1963-08-14,1963-06-14,972,true,true,2312,473,Oran,ALGERIA
1996-09-22,1996-08-22,972,true,true,54,1453,marseille,FRANCE
1996-10-22,1996-08-22,972,true,true,1095,54,Oran,ALGERIA
1996-11-22,1996-08-22,972,true,true,563,1120,Los Angeles,UNITED STATE OF AMERICA
1996-12-22,1996-08-22,972,true,true,1500,285,marseille,FRANCE
2005-10-28,2005-09-28,972,true,true,1347,167,Alger,ALGERIA
2005-11-28,2005-09-28,972,true,true,636,1477,Oran,ALGERIA
2005-12-28,2005-09-28,972,true,true,833,498,Alger,ALGERIA
2006-01-28,2005-09-28,972,true,true,494,1166,Oran,ALGERIA
1944-06-24,1944-05-24,972,true,true,1005,2997,New York,UNITED STATE OF AMERICA
2007-07-09,2007-06-09,972,true,true,696,1136,London,ENGLAND
2007-08-09,2007-06-09,972,true,true,1416,972,Alger,ALGERIA
2007-09-09,2007-06-09,972,true,true,822,1370,London,ENGLAND
2008-06-07,2008-05-07,974,true,true,430,450,marseille,FRANCE
1989-12-24,1989-11-24,976,true,true,3333,1868,London,ENGLAND
1990-01-24,1989-11-24,976,true,true,122,1833,London,ENGLAND
1948-01-21,1947-12-21,977,true,true,27,248,Napoli,ITALIE
1922-05-01,1922-04-01,982,true,true,157,39,Buenos Aires,ARGENTINA
1922-06-01,1922-04-01,982,true,true,264,143,Buenos Aires,ARGENTINA
1996-09-25,1996-08-25,983,true,true,494,321,London,ENGLAND
1996-10-25,1996-08-25,983,true,true,833,689,marseille,FRANCE
1966-07-22,1966-06-22,983,true,true,835,151,marseille,FRANCE
1966-08-22,1966-06-22,983,true,true,1061,1245,Oran,ALGERIA
1975-06-13,1975-05-13,983,true,true,1,751,Los Angeles,UNITED STATE OF AMERICA
1975-07-13,1975-05-13,983,true,true,419,122,Alger,ALGERIA
1956-07-17,1956-06-17,983,true,true,235,1216,Los Angeles,UNITED STATE OF AMERICA
1956-08-17,1956-06-17,983,true,true,216,263,London,ENGLAND
1956-09-17,1956-06-17,983,true,true,830,764,Alger,ALGERIA
1956-10-17,1956-06-17,983,true,true,1135,800,Oran,ALGERIA
1982-03-03,1982-02-03,984,true,true,3299,1954,marseille,FRANCE
1982-04-03,1982-02-03,984,true,true,2155,2735,New York,UNITED STATE OF AMERICA
1933-04-06,1933-03-06,984,true,true,1756,719,Los Angeles,UNITED STATE OF AMERICA
1928-12-16,1928-11-16,984,true,true,641,636,New York,UNITED STATE OF AMERICA
2021-01-20,2020-12-20,985,true,true,2258,674,Los Angeles,UNITED STATE OF AMERICA
2018-07-18,2018-06-18,990,true,true,53,58,Liverpool,ENGLAND
1937-07-04,1937-06-04,991,true,true,11,21,Buenos Aires,ARGENTINA
1937-08-04,1937-06-04,991,true,true,45,1,New York,UNITED STATE OF AMERICA
1931-05-02,1931-04-02,992,true,true,195,369,Barcelona,ESPAGNE
1953-04-11,1953-03-11,996,true,true,434,183,Alger,ALGERIA
1953-05-11,1953-03-11,996,true,true,571,508,Tianjin  ,CHINA
1938-01-10,1937-12-10,998,true,true,4,0,Lisbonne,PORTUGAL
1938-02-10,1937-12-10,998,true,true,4,0,De satntos,BRAZIL
1938-03-10,1937-12-10,998,true,true,2,3,Tunis,TUNISIA
