date_depart,ship,type_v,port_depart,port_arrive,country_depart,country_arriver,loc_continental,nb_passager_depart
1958-06-16,3,3,marseille,Annaba,FRANCE,ALGERIA,INTERCONTINENTAL,4164
1991-04-23,3,1,London,London,ENGLAND,ENGLAND,EUROPE,2012
1988-11-20,4,3,marseille,marseille,FRANCE,FRANCE,EUROPE,3398
1940-03-05,4,3,Annaba,London,ALGERIA,ENGLAND,INTERCONTINENTAL,2381
2020-01-24,4,1,Alger,Annaba,ALGERIA,ALGERIA,AFRICA,3398
1983-02-24,8,3,Liverpool,Barcelona,ENGLAND,ESPAGNE,EUROPE,1
1992-04-25,9,3,Los Angeles,Oran,UNITED STATE OF AMERICA,ALGERIA,INTERCONTINENTAL,3771
1924-12-14,9,3,Los Angeles,Alger,UNITED STATE OF AMERICA,ALGERIA,INTERCONTINENTAL,3771
1942-06-18,9,3,Annaba,New York,ALGERIA,UNITED STATE OF AMERICA,INTERCONTINENTAL,3771
2017-02-16,9,3,Los Angeles,Oran,UNITED STATE OF AMERICA,ALGERIA,INTERCONTINENTAL,3771
1915-08-08,11,2,Napoli,Lisbonne,ITALIE,PORTUGAL,EUROPE,121
1949-10-13,17,2,Napoli,Liverpool,ITALIE,ENGLAND,EUROPE,1257
1961-03-12,20,1,New York,New York,UNITED STATE OF AMERICA,UNITED STATE OF AMERICA,AMERICA,3339
1908-03-11,20,2,London,London,ENGLAND,ENGLAND,EUROPE,354
1968-03-17,20,1,New York,Los Angeles,UNITED STATE OF AMERICA,UNITED STATE OF AMERICA,AMERICA,3339
1974-12-11,21,2,Lisbonne,la rochelle,PORTUGAL,FRANCE,EUROPE,68
1978-01-25,22,2,Lisbonne,Barcelona,PORTUGAL,ESPAGNE,EUROPE,70
2014-09-08,23,2,Oran,marseille,ALGERIA,FRANCE,INTERCONTINENTAL,547
1917-06-04,23,1,London,marseille,ENGLAND,FRANCE,EUROPE,82
1968-08-04,23,2,Annaba,Oran,ALGERIA,ALGERIA,AFRICA,4218
1970-02-20,23,1,Oran,Oran,ALGERIA,ALGERIA,AFRICA,4218
1908-08-28,24,2,brest,la rochelle,FRANCE,FRANCE,EUROPE,454
1943-02-06,27,3,Annaba,Alger,ALGERIA,ALGERIA,AFRICA,4822
1948-04-08,29,3,New York,London,UNITED STATE OF AMERICA,ENGLAND,INTERCONTINENTAL,143
1982-04-21,29,2,Oran,Oran,ALGERIA,ALGERIA,AFRICA,1595
1973-11-11,30,1,Porto,brest,PORTUGAL,FRANCE,EUROPE,425
2001-05-15,33,2,Dublin,Barcelona,IRLAND,ESPAGNE,EUROPE,14
1920-07-25,34,2,Dublin,Porto,IRLAND,PORTUGAL,EUROPE,0
1913-10-17,37,3,Napoli,marseille,ITALIE,FRANCE,EUROPE,270
1973-08-01,38,1,Lisbonne,marseille,PORTUGAL,FRANCE,EUROPE,98
1985-08-01,39,1,brest,Liverpool,FRANCE,ENGLAND,EUROPE,19
1948-10-07,42,3,Liverpool,London,ENGLAND,ENGLAND,EUROPE,848
1989-06-05,44,2,New York,New York,UNITED STATE OF AMERICA,UNITED STATE OF AMERICA,AMERICA,4442
1907-01-05,44,3,Annaba,marseille,ALGERIA,FRANCE,INTERCONTINENTAL,1583
1995-02-07,44,3,London,Los Angeles,ENGLAND,UNITED STATE OF AMERICA,INTERCONTINENTAL,4442
1945-07-08,44,3,New York,Los Angeles,UNITED STATE OF AMERICA,UNITED STATE OF AMERICA,AMERICA,4442
2012-11-07,51,3,Lisbonne,Lisbonne,PORTUGAL,PORTUGAL,EUROPE,650
1959-12-01,53,3,Barcelona,Porto,ESPAGNE,PORTUGAL,EUROPE,915
1917-05-06,53,2,Oran,Elizabeth,ALGERIA,SOUTH AFRICA,AFRICA,174
1918-11-27,59,3,De satntos,New York,BRAZIL,UNITED STATE OF AMERICA,AMERICA,50
1956-12-04,60,3,London,Oran,ENGLAND,ALGERIA,INTERCONTINENTAL,2077
1966-05-12,60,3,marseille,New York,FRANCE,UNITED STATE OF AMERICA,INTERCONTINENTAL,2077
1948-04-15,60,1,Alger,Alger,ALGERIA,ALGERIA,AFRICA,2077
1915-04-08,60,2,Alger,London,ALGERIA,ENGLAND,INTERCONTINENTAL,2077
1952-10-07,60,2,London,Los Angeles,ENGLAND,UNITED STATE OF AMERICA,INTERCONTINENTAL,2077
1991-12-17,61,3,Los Angeles,New York,UNITED STATE OF AMERICA,UNITED STATE OF AMERICA,AMERICA,160
1962-11-11,62,2,Oran,New York,ALGERIA,UNITED STATE OF AMERICA,INTERCONTINENTAL,1923
1992-11-09,62,2,Annaba,Annaba,ALGERIA,ALGERIA,AFRICA,3965
1927-03-14,62,2,Alger,Alger,ALGERIA,ALGERIA,AFRICA,3196
1900-05-23,62,2,Oran,Alger,ALGERIA,ALGERIA,AFRICA,2153
1944-03-04,66,2,London,Porto,ENGLAND,PORTUGAL,EUROPE,108
1926-10-04,67,2,Oran,Elizabeth,ALGERIA,SOUTH AFRICA,AFRICA,1878
1907-02-08,70,1,Oran,Annaba,ALGERIA,ALGERIA,AFRICA,574
1922-04-08,75,2,marseille,Oran,FRANCE,ALGERIA,INTERCONTINENTAL,1442
1917-11-10,75,3,marseille,marseille,FRANCE,FRANCE,EUROPE,2895
1936-08-14,75,3,London,London,ENGLAND,ENGLAND,EUROPE,2895
1972-02-05,75,1,marseille,London,FRANCE,ENGLAND,EUROPE,1593
2018-03-05,76,2,brest,Dublin,FRANCE,IRLAND,EUROPE,5
2015-11-28,85,1,marseille,marseille,FRANCE,FRANCE,EUROPE,886
1922-01-01,89,1,Barcelona,Napoli,ESPAGNE,ITALIE,EUROPE,1712
1984-02-25,89,3,Oran,Alger,ALGERIA,ALGERIA,AFRICA,869
1957-10-07,90,1,Annaba,Alger,ALGERIA,ALGERIA,AFRICA,1135
1989-07-10,90,2,marseille,Oran,FRANCE,ALGERIA,INTERCONTINENTAL,3891
1987-02-19,90,2,marseille,Annaba,FRANCE,ALGERIA,INTERCONTINENTAL,2187
1935-07-16,90,1,marseille,London,FRANCE,ENGLAND,EUROPE,3891
1906-05-06,90,3,marseille,marseille,FRANCE,FRANCE,EUROPE,3891
1960-06-02,91,2,marseille,marseille,FRANCE,FRANCE,EUROPE,23
1976-03-05,91,2,marseille,Lisbonne,FRANCE,PORTUGAL,EUROPE,15
1992-03-12,100,1,Alger,Alger,ALGERIA,ALGERIA,AFRICA,449
1921-09-02,102,3,marseille,Liverpool,FRANCE,ENGLAND,EUROPE,1571
1978-02-13,102,1,Barcelona,Barcelona,ESPAGNE,ESPAGNE,EUROPE,1571
1996-05-08,107,2,Barcelona,la rochelle,ESPAGNE,FRANCE,EUROPE,314
1921-07-05,107,3,Napoli,Napoli,ITALIE,ITALIE,EUROPE,314
1904-04-02,107,3,la rochelle,London,FRANCE,ENGLAND,EUROPE,314
1964-08-18,111,3,New York,Los Angeles,UNITED STATE OF AMERICA,UNITED STATE OF AMERICA,AMERICA,613
1934-11-20,111,2,London,New York,ENGLAND,UNITED STATE OF AMERICA,INTERCONTINENTAL,3845
1982-11-08,111,1,New York,New York,UNITED STATE OF AMERICA,UNITED STATE OF AMERICA,AMERICA,3845
1939-03-01,112,2,Oran,marseille,ALGERIA,FRANCE,INTERCONTINENTAL,783
2001-02-16,112,2,London,London,ENGLAND,ENGLAND,EUROPE,2131
2010-03-23,112,1,London,marseille,ENGLAND,FRANCE,EUROPE,162
2007-05-16,112,2,marseille,London,FRANCE,ENGLAND,EUROPE,2131
2012-02-14,115,3,London,London,ENGLAND,ENGLAND,EUROPE,1845
1988-12-20,115,1,London,marseille,ENGLAND,FRANCE,EUROPE,1845
1949-07-23,115,2,New York,New York,UNITED STATE OF AMERICA,UNITED STATE OF AMERICA,AMERICA,366
2003-09-06,117,3,Lisbonne,Barcelona,PORTUGAL,ESPAGNE,EUROPE,914
1992-06-06,118,1,London,Barcelona,ENGLAND,ESPAGNE,EUROPE,454
2018-01-17,118,1,Annaba,Alger,ALGERIA,ALGERIA,AFRICA,3
2000-04-28,119,1,Alger,Annaba,ALGERIA,ALGERIA,AFRICA,3071
1991-06-04,124,3,Annaba,New York,ALGERIA,UNITED STATE OF AMERICA,INTERCONTINENTAL,3301
1952-03-04,124,2,marseille,Annaba,FRANCE,ALGERIA,INTERCONTINENTAL,3301
1973-10-11,124,2,Los Angeles,Oran,UNITED STATE OF AMERICA,ALGERIA,INTERCONTINENTAL,2124
1901-07-23,124,3,Annaba,marseille,ALGERIA,FRANCE,INTERCONTINENTAL,387
1976-11-10,124,1,New York,New York,UNITED STATE OF AMERICA,UNITED STATE OF AMERICA,AMERICA,3301
1958-10-01,124,3,Los Angeles,Los Angeles,UNITED STATE OF AMERICA,UNITED STATE OF AMERICA,AMERICA,2834
1983-12-13,125,1,Los Angeles,Los Angeles,UNITED STATE OF AMERICA,UNITED STATE OF AMERICA,AMERICA,908
1983-09-17,127,1,Elizabeth,Alger,SOUTH AFRICA,ALGERIA,AFRICA,967
1929-07-06,129,1,Napoli,marseille,ITALIE,FRANCE,EUROPE,816
1982-10-08,130,3,Buenos Aires,Monreal,ARGENTINA,CANADA,AMERICA,356
1903-02-01,131,3,Los Angeles,Annaba,UNITED STATE OF AMERICA,ALGERIA,INTERCONTINENTAL,3386
1958-08-25,138,2,Salerne,Liverpool,ITALIE,ENGLAND,EUROPE,7
1967-07-18,140,1,Barcelona,London,ESPAGNE,ENGLAND,EUROPE,141
1923-10-28,141,2,Napoli,London,ITALIE,ENGLAND,EUROPE,1563
1953-03-15,143,2,New York,marseille,UNITED STATE OF AMERICA,FRANCE,INTERCONTINENTAL,4333
1970-05-08,145,2,Annaba,Elizabeth,ALGERIA,SOUTH AFRICA,AFRICA,86
1989-01-04,146,3,Oran,New York,ALGERIA,UNITED STATE OF AMERICA,INTERCONTINENTAL,3642
1986-07-08,147,3,Annaba,Elizabeth,ALGERIA,SOUTH AFRICA,AFRICA,43
1939-09-19,157,3,Annaba,London,ALGERIA,ENGLAND,INTERCONTINENTAL,3011
2018-06-22,157,3,London,Annaba,ENGLAND,ALGERIA,INTERCONTINENTAL,1451
1971-09-10,159,1,New York,New York,UNITED STATE OF AMERICA,UNITED STATE OF AMERICA,AMERICA,3311
1917-06-01,159,1,New York,Los Angeles,UNITED STATE OF AMERICA,UNITED STATE OF AMERICA,AMERICA,595
1902-12-07,159,1,London,marseille,ENGLAND,FRANCE,EUROPE,1453
1951-09-13,159,2,New York,marseille,UNITED STATE OF AMERICA,FRANCE,INTERCONTINENTAL,3311
1960-06-25,164,2,New York,marseille,UNITED STATE OF AMERICA,FRANCE,INTERCONTINENTAL,935
1925-01-17,166,1,London,Barcelona,ENGLAND,ESPAGNE,EUROPE,1339
2020-12-10,167,1,London,London,ENGLAND,ENGLAND,EUROPE,3861
1910-06-05,167,3,marseille,London,FRANCE,ENGLAND,EUROPE,3345
1952-02-22,167,1,London,London,ENGLAND,ENGLAND,EUROPE,3861
1933-08-13,167,2,marseille,marseille,FRANCE,FRANCE,EUROPE,3861
2006-09-14,170,3,Barcelona,la rochelle,ESPAGNE,FRANCE,EUROPE,378
1996-11-14,172,1,Dublin,marseille,IRLAND,FRANCE,EUROPE,18
1929-12-04,173,3,la rochelle,Liverpool,FRANCE,ENGLAND,EUROPE,41
1948-09-07,174,2,Alger,New York,ALGERIA,UNITED STATE OF AMERICA,INTERCONTINENTAL,3045
1989-05-25,174,1,Annaba,Annaba,ALGERIA,ALGERIA,AFRICA,1786
1927-10-03,174,3,marseille,Alger,FRANCE,ALGERIA,INTERCONTINENTAL,2692
1939-04-09,175,2,marseille,marseille,FRANCE,FRANCE,EUROPE,1366
2013-09-03,178,2,Cochin,Cochin,INDIA,INDIA,ASIA,10
1953-06-24,179,2,Napoli,Napoli,ITALIE,ITALIE,EUROPE,827
1970-06-03,180,2,Alger,New York,ALGERIA,UNITED STATE OF AMERICA,INTERCONTINENTAL,4101
1980-09-22,182,3,Porto,Porto,PORTUGAL,PORTUGAL,EUROPE,500
1968-06-19,182,3,Napoli,Barcelona,ITALIE,ESPAGNE,EUROPE,500
1972-05-05,185,1,De satntos,Monreal,BRAZIL,CANADA,AMERICA,201
1919-08-21,185,3,Napoli,Barcelona,ITALIE,ESPAGNE,EUROPE,201
1952-05-05,189,1,Oran,Oran,ALGERIA,ALGERIA,AFRICA,1876
1961-03-06,189,1,Barcelona,Napoli,ESPAGNE,ITALIE,EUROPE,1876
1915-03-08,190,3,London,Annaba,ENGLAND,ALGERIA,INTERCONTINENTAL,1877
2005-12-13,194,1,Elizabeth,Oran,SOUTH AFRICA,ALGERIA,AFRICA,317
1989-04-26,197,3,Alger,Alger,ALGERIA,ALGERIA,AFRICA,821
1973-06-22,202,3,Dublin,Lisbonne,IRLAND,PORTUGAL,EUROPE,31
1984-06-25,204,1,Oran,Elizabeth,ALGERIA,SOUTH AFRICA,AFRICA,1580
1910-08-01,206,1,Los Angeles,Santa Maria,UNITED STATE OF AMERICA,PEROU,AMERICA,4
1949-10-04,208,3,London,London,ENGLAND,ENGLAND,EUROPE,1283
1965-10-01,208,3,Napoli,Barcelona,ITALIE,ESPAGNE,EUROPE,1171
1957-04-23,212,1,Elizabeth,Elizabeth,SOUTH AFRICA,SOUTH AFRICA,AFRICA,196
1999-08-02,212,1,Liverpool,Liverpool,ENGLAND,ENGLAND,EUROPE,1194
1972-02-21,212,3,Barcelona,Barcelona,ESPAGNE,ESPAGNE,EUROPE,44
1986-11-20,218,2,London,Los Angeles,ENGLAND,UNITED STATE OF AMERICA,INTERCONTINENTAL,1514
1946-07-02,218,1,Annaba,Oran,ALGERIA,ALGERIA,AFRICA,2922
1960-05-11,223,2,Liverpool,Porto,ENGLAND,PORTUGAL,EUROPE,700
1900-07-23,226,1,marseille,marseille,FRANCE,FRANCE,EUROPE,584
1969-03-19,226,3,Los Angeles,Alger,UNITED STATE OF AMERICA,ALGERIA,INTERCONTINENTAL,4197
2016-08-12,226,3,Annaba,marseille,ALGERIA,FRANCE,INTERCONTINENTAL,3535
1950-10-07,226,1,London,marseille,ENGLAND,FRANCE,EUROPE,2733
1973-05-05,226,2,London,London,ENGLAND,ENGLAND,EUROPE,409
1907-02-11,226,1,marseille,marseille,FRANCE,FRANCE,EUROPE,4197
1998-08-07,231,3,Porto,Napoli,PORTUGAL,ITALIE,EUROPE,291
1958-11-10,239,1,Alger,Annaba,ALGERIA,ALGERIA,AFRICA,1407
1957-10-25,239,2,marseille,Alger,FRANCE,ALGERIA,INTERCONTINENTAL,1516
1905-11-17,239,3,Alger,London,ALGERIA,ENGLAND,INTERCONTINENTAL,2576
1922-12-12,239,2,New York,Alger,UNITED STATE OF AMERICA,ALGERIA,INTERCONTINENTAL,439
1929-11-25,239,3,marseille,London,FRANCE,ENGLAND,EUROPE,2441
2012-11-15,241,2,Alger,Alger,ALGERIA,ALGERIA,AFRICA,2762
1951-02-08,241,1,Oran,Oran,ALGERIA,ALGERIA,AFRICA,2762
1902-01-05,242,3,Los Angeles,London,UNITED STATE OF AMERICA,ENGLAND,INTERCONTINENTAL,3724
1925-09-28,244,3,Los Angeles,London,UNITED STATE OF AMERICA,ENGLAND,INTERCONTINENTAL,1616
1962-02-11,246,3,Barcelona,Napoli,ESPAGNE,ITALIE,EUROPE,1100
1924-03-28,250,1,New York,Monreal,UNITED STATE OF AMERICA,CANADA,AMERICA,635
1954-07-11,251,3,London,Barcelona,ENGLAND,ESPAGNE,EUROPE,759
1943-07-21,251,3,Napoli,marseille,ITALIE,FRANCE,EUROPE,759
1985-01-02,251,2,Napoli,London,ITALIE,ENGLAND,EUROPE,759
1904-03-26,251,1,marseille,Porto,FRANCE,PORTUGAL,EUROPE,302
2014-06-14,252,2,Monreal,Buenos Aires,CANADA,ARGENTINA,AMERICA,34
1951-12-08,252,1,brest,la rochelle,FRANCE,FRANCE,EUROPE,35
1942-10-17,259,3,Barcelona,Porto,ESPAGNE,PORTUGAL,EUROPE,513
1968-01-09,261,1,la rochelle,brest,FRANCE,FRANCE,EUROPE,437
1997-11-13,261,2,Los Angeles,Santa Maria,UNITED STATE OF AMERICA,PEROU,AMERICA,256
1981-05-24,264,2,Liverpool,Napoli,ENGLAND,ITALIE,EUROPE,920
1968-05-05,264,3,London,Napoli,ENGLAND,ITALIE,EUROPE,80
2000-06-14,269,2,Barcelona,Napoli,ESPAGNE,ITALIE,EUROPE,1429
1954-09-11,269,1,Alger,Annaba,ALGERIA,ALGERIA,AFRICA,1787
1932-03-07,272,2,Annaba,Alger,ALGERIA,ALGERIA,AFRICA,1528
1921-08-03,273,2,Alger,Alger,ALGERIA,ALGERIA,AFRICA,858
1968-12-08,275,2,Liverpool,London,ENGLAND,ENGLAND,EUROPE,28
1985-03-09,276,2,Los Angeles,Annaba,UNITED STATE OF AMERICA,ALGERIA,INTERCONTINENTAL,2750
1929-10-27,276,3,New York,London,UNITED STATE OF AMERICA,ENGLAND,INTERCONTINENTAL,2116
1945-04-04,276,3,Alger,Annaba,ALGERIA,ALGERIA,AFRICA,324
1976-06-06,276,3,Annaba,Alger,ALGERIA,ALGERIA,AFRICA,2750
1940-11-05,276,2,Alger,Alger,ALGERIA,ALGERIA,AFRICA,2750
1920-12-19,277,3,New York,marseille,UNITED STATE OF AMERICA,FRANCE,INTERCONTINENTAL,648
2017-02-05,277,3,marseille,Alger,FRANCE,ALGERIA,INTERCONTINENTAL,442
1974-11-27,277,2,Oran,New York,ALGERIA,UNITED STATE OF AMERICA,INTERCONTINENTAL,3415
1940-01-11,277,3,Oran,Oran,ALGERIA,ALGERIA,AFRICA,2858
2001-04-05,277,2,London,London,ENGLAND,ENGLAND,EUROPE,3415
2011-06-28,277,1,marseille,marseille,FRANCE,FRANCE,EUROPE,2765
1971-03-10,279,1,Dublin,brest,IRLAND,FRANCE,EUROPE,66
2003-01-03,287,3,Alger,marseille,ALGERIA,FRANCE,INTERCONTINENTAL,1517
1931-04-23,287,2,Annaba,New York,ALGERIA,UNITED STATE OF AMERICA,INTERCONTINENTAL,3086
1902-08-15,287,3,London,London,ENGLAND,ENGLAND,EUROPE,777
1928-03-09,289,1,la rochelle,Napoli,FRANCE,ITALIE,EUROPE,53
1910-05-13,290,1,London,London,ENGLAND,ENGLAND,EUROPE,2297
1936-03-11,291,2,Liverpool,Liverpool,ENGLAND,ENGLAND,EUROPE,1455
1902-12-18,291,3,Liverpool,Napoli,ENGLAND,ITALIE,EUROPE,625
1957-09-26,292,2,Salerne,Barcelona,ITALIE,ESPAGNE,EUROPE,11
1974-05-03,293,1,Annaba,Alger,ALGERIA,ALGERIA,AFRICA,3335
1990-12-07,293,2,Los Angeles,Los Angeles,UNITED STATE OF AMERICA,UNITED STATE OF AMERICA,AMERICA,2918
1934-04-11,293,3,marseille,marseille,FRANCE,FRANCE,EUROPE,1953
1922-05-08,295,3,Napoli,Barcelona,ITALIE,ESPAGNE,EUROPE,644
1978-11-16,295,3,Lisbonne,Porto,PORTUGAL,PORTUGAL,EUROPE,746
1913-07-08,296,1,marseille,London,FRANCE,ENGLAND,EUROPE,530
1955-11-12,297,2,London,Los Angeles,ENGLAND,UNITED STATE OF AMERICA,INTERCONTINENTAL,1600
1992-03-05,308,2,Los Angeles,New York,UNITED STATE OF AMERICA,UNITED STATE OF AMERICA,AMERICA,4245
1931-04-04,308,2,Los Angeles,London,UNITED STATE OF AMERICA,ENGLAND,INTERCONTINENTAL,1077
2001-04-21,308,1,Annaba,Alger,ALGERIA,ALGERIA,AFRICA,4245
1983-06-04,308,3,New York,Los Angeles,UNITED STATE OF AMERICA,UNITED STATE OF AMERICA,AMERICA,621
1972-01-21,309,1,Yingkou ,Cochin,CHINA,INDIA,ASIA,231
1900-02-15,309,1,Barcelona,Porto,ESPAGNE,PORTUGAL,EUROPE,340
1961-03-04,312,2,Annaba,Alger,ALGERIA,ALGERIA,AFRICA,2644
1992-02-07,312,3,marseille,marseille,FRANCE,FRANCE,EUROPE,1524
1996-12-24,312,2,New York,Oran,UNITED STATE OF AMERICA,ALGERIA,INTERCONTINENTAL,2644
1937-02-13,312,1,Annaba,Annaba,ALGERIA,ALGERIA,AFRICA,2644
1947-09-03,312,2,marseille,Los Angeles,FRANCE,UNITED STATE OF AMERICA,INTERCONTINENTAL,1400
1941-01-14,313,1,London,marseille,ENGLAND,FRANCE,EUROPE,1148
2009-01-14,313,1,Los Angeles,New York,UNITED STATE OF AMERICA,UNITED STATE OF AMERICA,AMERICA,2370
1948-09-13,313,3,London,marseille,ENGLAND,FRANCE,EUROPE,277
1974-06-01,314,2,London,London,ENGLAND,ENGLAND,EUROPE,3173
1930-04-26,315,3,Oran,marseille,ALGERIA,FRANCE,INTERCONTINENTAL,2030
1992-11-25,315,3,London,Oran,ENGLAND,ALGERIA,INTERCONTINENTAL,2030
2004-01-25,315,3,marseille,Alger,FRANCE,ALGERIA,INTERCONTINENTAL,2030
2021-09-28,315,3,marseille,Alger,FRANCE,ALGERIA,INTERCONTINENTAL,2030
1965-10-14,315,2,Los Angeles,Oran,UNITED STATE OF AMERICA,ALGERIA,INTERCONTINENTAL,418
1985-01-08,316,3,marseille,Annaba,FRANCE,ALGERIA,INTERCONTINENTAL,198
1987-03-09,316,3,New York,London,UNITED STATE OF AMERICA,ENGLAND,INTERCONTINENTAL,4959
1982-01-22,318,1,Alger,Rabat,ALGERIA,MAROC,AFRICA,6
1932-07-24,331,3,Annaba,London,ALGERIA,ENGLAND,INTERCONTINENTAL,1712
1906-07-15,334,3,Lisbonne,brest,PORTUGAL,FRANCE,EUROPE,3
1972-06-27,334,2,Salerne,Salerne,ITALIE,ITALIE,EUROPE,0
1925-04-20,335,2,Elizabeth,Elizabeth,SOUTH AFRICA,SOUTH AFRICA,AFRICA,2
1998-12-26,337,3,Annaba,London,ALGERIA,ENGLAND,INTERCONTINENTAL,2810
1907-02-13,337,2,Oran,London,ALGERIA,ENGLAND,INTERCONTINENTAL,3984
1930-03-25,339,3,Monreal,Monreal,CANADA,CANADA,AMERICA,106
2003-11-03,339,2,London,London,ENGLAND,ENGLAND,EUROPE,877
1976-03-04,342,3,New York,Los Angeles,UNITED STATE OF AMERICA,UNITED STATE OF AMERICA,AMERICA,2080
1906-04-20,342,2,New York,Los Angeles,UNITED STATE OF AMERICA,UNITED STATE OF AMERICA,AMERICA,2080
1990-01-21,342,3,Annaba,London,ALGERIA,ENGLAND,INTERCONTINENTAL,2080
1997-07-04,349,3,New York,marseille,UNITED STATE OF AMERICA,FRANCE,INTERCONTINENTAL,2957
1980-12-25,349,3,New York,Los Angeles,UNITED STATE OF AMERICA,UNITED STATE OF AMERICA,AMERICA,2148
1905-10-18,349,3,Annaba,London,ALGERIA,ENGLAND,INTERCONTINENTAL,829
1935-05-03,349,2,London,Alger,ENGLAND,ALGERIA,INTERCONTINENTAL,2957
2001-01-15,349,1,New York,New York,UNITED STATE OF AMERICA,UNITED STATE OF AMERICA,AMERICA,2957
1998-05-02,349,2,Alger,marseille,ALGERIA,FRANCE,INTERCONTINENTAL,2957
1977-11-28,350,1,London,marseille,ENGLAND,FRANCE,EUROPE,4996
1910-11-07,350,2,Annaba,Oran,ALGERIA,ALGERIA,AFRICA,4787
1900-12-28,350,3,marseille,Annaba,FRANCE,ALGERIA,INTERCONTINENTAL,563
1901-01-08,350,3,Annaba,Annaba,ALGERIA,ALGERIA,AFRICA,79
1907-03-27,351,2,Annaba,marseille,ALGERIA,FRANCE,INTERCONTINENTAL,3433
1918-07-08,351,2,Annaba,Alger,ALGERIA,ALGERIA,AFRICA,26
1992-06-12,351,2,Los Angeles,Oran,UNITED STATE OF AMERICA,ALGERIA,INTERCONTINENTAL,3512
1907-09-01,351,2,Oran,Los Angeles,ALGERIA,UNITED STATE OF AMERICA,INTERCONTINENTAL,1043
1906-02-18,351,3,marseille,Los Angeles,FRANCE,UNITED STATE OF AMERICA,INTERCONTINENTAL,3512
1903-09-28,352,3,London,marseille,ENGLAND,FRANCE,EUROPE,1306
2004-11-19,358,1,brest,London,FRANCE,ENGLAND,EUROPE,21
1930-12-14,361,2,Oran,Los Angeles,ALGERIA,UNITED STATE OF AMERICA,INTERCONTINENTAL,4923
1917-06-26,361,2,London,Annaba,ENGLAND,ALGERIA,INTERCONTINENTAL,3603
1948-08-13,361,1,New York,Los Angeles,UNITED STATE OF AMERICA,UNITED STATE OF AMERICA,AMERICA,4923
1966-05-26,361,3,Annaba,Los Angeles,ALGERIA,UNITED STATE OF AMERICA,INTERCONTINENTAL,1967
2011-12-06,362,3,Napoli,Napoli,ITALIE,ITALIE,EUROPE,255
1969-04-14,363,2,London,marseille,ENGLAND,FRANCE,EUROPE,1686
1922-07-08,363,1,Annaba,Annaba,ALGERIA,ALGERIA,AFRICA,3816
1909-06-16,363,3,Oran,New York,ALGERIA,UNITED STATE OF AMERICA,INTERCONTINENTAL,3816
1957-04-01,364,2,De satntos,Santa Maria,BRAZIL,PEROU,AMERICA,49
1932-05-15,366,2,Liverpool,Barcelona,ENGLAND,ESPAGNE,EUROPE,422
1911-01-23,368,2,Santa Maria,Los Angeles,PEROU,UNITED STATE OF AMERICA,AMERICA,26
1994-06-13,368,2,marseille,brest,FRANCE,FRANCE,EUROPE,123
1931-10-23,374,2,London,New York,ENGLAND,UNITED STATE OF AMERICA,INTERCONTINENTAL,4451
1979-09-13,374,3,Oran,Alger,ALGERIA,ALGERIA,AFRICA,4451
1997-12-17,376,3,Annaba,Alger,ALGERIA,ALGERIA,AFRICA,44
1910-08-19,376,2,Los Angeles,London,UNITED STATE OF AMERICA,ENGLAND,INTERCONTINENTAL,2178
1967-05-18,376,3,Oran,London,ALGERIA,ENGLAND,INTERCONTINENTAL,921
1917-06-02,376,3,Alger,Los Angeles,ALGERIA,UNITED STATE OF AMERICA,INTERCONTINENTAL,531
1941-03-17,377,1,Napoli,Napoli,ITALIE,ITALIE,EUROPE,5
2007-11-17,378,3,Oran,Elizabeth,ALGERIA,SOUTH AFRICA,AFRICA,1913
1981-07-20,378,2,Barcelona,Liverpool,ESPAGNE,ENGLAND,EUROPE,168
1945-07-20,378,3,Oran,Annaba,ALGERIA,ALGERIA,AFRICA,213
1972-10-26,378,2,Annaba,Annaba,ALGERIA,ALGERIA,AFRICA,1913
1917-10-20,378,2,Liverpool,London,ENGLAND,ENGLAND,EUROPE,1913
2017-12-26,379,2,Porto,Napoli,PORTUGAL,ITALIE,EUROPE,261
1972-02-08,379,1,Liverpool,Napoli,ENGLAND,ITALIE,EUROPE,256
1908-10-09,380,1,London,London,ENGLAND,ENGLAND,EUROPE,4962
1916-02-06,380,3,London,marseille,ENGLAND,FRANCE,EUROPE,520
1920-10-02,380,1,London,marseille,ENGLAND,FRANCE,EUROPE,3726
1980-03-21,380,3,marseille,London,FRANCE,ENGLAND,EUROPE,4962
1903-09-02,383,2,London,Barcelona,ENGLAND,ESPAGNE,EUROPE,21
1933-01-05,384,1,Napoli,Liverpool,ITALIE,ENGLAND,EUROPE,387
1978-09-02,384,3,Elizabeth,Annaba,SOUTH AFRICA,ALGERIA,AFRICA,401
2002-03-04,386,3,marseille,New York,FRANCE,UNITED STATE OF AMERICA,INTERCONTINENTAL,1295
1902-02-06,387,2,Annaba,Oran,ALGERIA,ALGERIA,AFRICA,373
1925-05-04,388,1,London,marseille,ENGLAND,FRANCE,EUROPE,1136
1988-06-10,388,2,New York,Los Angeles,UNITED STATE OF AMERICA,UNITED STATE OF AMERICA,AMERICA,3327
1996-05-14,388,3,New York,marseille,UNITED STATE OF AMERICA,FRANCE,INTERCONTINENTAL,3327
1923-08-05,388,2,Los Angeles,London,UNITED STATE OF AMERICA,ENGLAND,INTERCONTINENTAL,1097
1945-08-12,388,1,London,marseille,ENGLAND,FRANCE,EUROPE,1775
1921-07-23,388,1,New York,Los Angeles,UNITED STATE OF AMERICA,UNITED STATE OF AMERICA,AMERICA,780
2017-02-17,392,1,London,marseille,ENGLAND,FRANCE,EUROPE,637
1974-11-09,392,2,Alger,Alger,ALGERIA,ALGERIA,AFRICA,2351
1962-05-24,392,3,London,Alger,ENGLAND,ALGERIA,INTERCONTINENTAL,685
1972-01-08,393,2,Monreal,Monreal,CANADA,CANADA,AMERICA,844
1944-10-01,393,2,Porto,Napoli,PORTUGAL,ITALIE,EUROPE,844
1949-07-27,393,3,Elizabeth,Oran,SOUTH AFRICA,ALGERIA,AFRICA,844
2011-11-17,393,3,Napoli,Liverpool,ITALIE,ENGLAND,EUROPE,348
1924-08-19,394,2,marseille,Alger,FRANCE,ALGERIA,INTERCONTINENTAL,2223
1923-02-26,400,1,Porto,marseille,PORTUGAL,FRANCE,EUROPE,3
1995-04-21,400,3,marseille,Napoli,FRANCE,ITALIE,EUROPE,3
1925-08-10,401,3,Alger,Annaba,ALGERIA,ALGERIA,AFRICA,2885
1990-05-25,404,1,Liverpool,Salerne,ENGLAND,ITALIE,EUROPE,22
2005-05-05,404,2,marseille,London,FRANCE,ENGLAND,EUROPE,18
1992-07-13,405,3,Monreal,Buenos Aires,CANADA,ARGENTINA,AMERICA,79
1989-06-08,411,3,marseille,Alger,FRANCE,ALGERIA,INTERCONTINENTAL,442
1933-10-08,413,1,Barcelona,Porto,ESPAGNE,PORTUGAL,EUROPE,35
1951-10-03,414,3,Annaba,New York,ALGERIA,UNITED STATE OF AMERICA,INTERCONTINENTAL,1829
1941-07-28,414,1,Alger,Oran,ALGERIA,ALGERIA,AFRICA,3775
2004-02-07,414,2,marseille,London,FRANCE,ENGLAND,EUROPE,3775
1967-08-27,415,3,Liverpool,Barcelona,ENGLAND,ESPAGNE,EUROPE,612
1965-03-24,419,2,New York,New York,UNITED STATE OF AMERICA,UNITED STATE OF AMERICA,AMERICA,2708
1942-08-26,419,3,Los Angeles,London,UNITED STATE OF AMERICA,ENGLAND,INTERCONTINENTAL,69
2011-08-18,419,1,Alger,Annaba,ALGERIA,ALGERIA,AFRICA,3049
2012-04-11,420,2,Alger,New York,ALGERIA,UNITED STATE OF AMERICA,INTERCONTINENTAL,3961
1995-05-03,423,2,Buenos Aires,Los Angeles,ARGENTINA,UNITED STATE OF AMERICA,AMERICA,486
1998-01-04,431,3,Barcelona,London,ESPAGNE,ENGLAND,EUROPE,1220
1901-06-17,431,3,Barcelona,London,ESPAGNE,ENGLAND,EUROPE,1220
1986-02-04,431,1,Barcelona,marseille,ESPAGNE,FRANCE,EUROPE,1220
2006-07-19,431,1,marseille,Liverpool,FRANCE,ENGLAND,EUROPE,1220
1950-12-25,432,2,Barcelona,Porto,ESPAGNE,PORTUGAL,EUROPE,18
1955-01-21,432,2,Lisbonne,Liverpool,PORTUGAL,ENGLAND,EUROPE,410
2021-05-25,433,1,Napoli,la rochelle,ITALIE,FRANCE,EUROPE,24
1957-09-07,433,2,Salerne,Liverpool,ITALIE,ENGLAND,EUROPE,24
1977-12-12,434,3,brest,Porto,FRANCE,PORTUGAL,EUROPE,284
1916-05-28,437,3,marseille,London,FRANCE,ENGLAND,EUROPE,18
1974-09-10,439,3,Tianjin  ,Yingkou ,CHINA,CHINA,ASIA,109
1963-10-23,439,1,Oran,Annaba,ALGERIA,ALGERIA,AFRICA,372
1960-12-03,440,2,marseille,London,FRANCE,ENGLAND,EUROPE,4536
1960-07-14,440,3,New York,London,UNITED STATE OF AMERICA,ENGLAND,INTERCONTINENTAL,1547
1955-07-10,440,3,London,New York,ENGLAND,UNITED STATE OF AMERICA,INTERCONTINENTAL,4536
1959-09-04,440,2,marseille,marseille,FRANCE,FRANCE,EUROPE,4536
1955-04-26,441,1,Napoli,marseille,ITALIE,FRANCE,EUROPE,52
1977-11-24,444,3,marseille,Annaba,FRANCE,ALGERIA,INTERCONTINENTAL,2272
1949-08-22,445,2,Annaba,Los Angeles,ALGERIA,UNITED STATE OF AMERICA,INTERCONTINENTAL,3947
2003-10-25,445,3,Annaba,New York,ALGERIA,UNITED STATE OF AMERICA,INTERCONTINENTAL,3947
1976-11-06,445,2,Los Angeles,London,UNITED STATE OF AMERICA,ENGLAND,INTERCONTINENTAL,3947
1979-07-22,447,3,Alger,Oran,ALGERIA,ALGERIA,AFRICA,2996
1923-06-22,447,3,Alger,marseille,ALGERIA,FRANCE,INTERCONTINENTAL,2996
2010-06-11,447,1,London,London,ENGLAND,ENGLAND,EUROPE,1482
1992-11-02,447,2,marseille,Annaba,FRANCE,ALGERIA,INTERCONTINENTAL,2996
1933-08-19,454,2,London,marseille,ENGLAND,FRANCE,EUROPE,40
1983-10-16,454,1,London,Barcelona,ENGLAND,ESPAGNE,EUROPE,62
1968-04-22,456,3,Lisbonne,Napoli,PORTUGAL,ITALIE,EUROPE,53
2011-05-27,457,3,marseille,Liverpool,FRANCE,ENGLAND,EUROPE,215
2019-08-21,457,3,Oran,Elizabeth,ALGERIA,SOUTH AFRICA,AFRICA,1039
2021-12-06,463,2,Liverpool,Liverpool,ENGLAND,ENGLAND,EUROPE,315
1957-12-19,463,2,Alger,Annaba,ALGERIA,ALGERIA,AFRICA,315
1982-06-08,466,3,Liverpool,Liverpool,ENGLAND,ENGLAND,EUROPE,1728
1911-08-09,467,2,Annaba,Rabat,ALGERIA,MAROC,AFRICA,41
1984-01-19,467,2,Porto,London,PORTUGAL,ENGLAND,EUROPE,41
2015-05-23,472,2,marseille,Napoli,FRANCE,ITALIE,EUROPE,617
1999-06-19,472,3,Barcelona,London,ESPAGNE,ENGLAND,EUROPE,617
2010-01-19,477,3,marseille,marseille,FRANCE,FRANCE,EUROPE,4344
1997-03-23,478,3,Alger,Alger,ALGERIA,ALGERIA,AFRICA,4493
2003-04-03,478,3,Alger,Annaba,ALGERIA,ALGERIA,AFRICA,4416
1967-06-15,478,2,Alger,Alger,ALGERIA,ALGERIA,AFRICA,3902
1954-09-22,480,1,Oran,Annaba,ALGERIA,ALGERIA,AFRICA,4819
1909-07-15,481,3,marseille,Los Angeles,FRANCE,UNITED STATE OF AMERICA,INTERCONTINENTAL,230
1932-08-04,483,2,marseille,marseille,FRANCE,FRANCE,EUROPE,428
1925-01-06,483,1,Monreal,Monreal,CANADA,CANADA,AMERICA,428
1910-10-01,484,2,Napoli,marseille,ITALIE,FRANCE,EUROPE,1813
1935-02-17,493,2,Barcelona,marseille,ESPAGNE,FRANCE,EUROPE,164
1989-03-20,493,3,London,Napoli,ENGLAND,ITALIE,EUROPE,698
1964-07-25,494,2,Buenos Aires,Santa Maria,ARGENTINA,PEROU,AMERICA,349
1942-08-14,494,1,Lisbonne,Barcelona,PORTUGAL,ESPAGNE,EUROPE,349
1924-10-04,495,1,Annaba,Annaba,ALGERIA,ALGERIA,AFRICA,1361
1981-03-06,496,2,Napoli,Napoli,ITALIE,ITALIE,EUROPE,490
1969-09-12,496,2,Liverpool,Lisbonne,ENGLAND,PORTUGAL,EUROPE,591
2000-05-22,497,2,marseille,Napoli,FRANCE,ITALIE,EUROPE,114
2021-04-08,497,3,Cochin,Cochin,INDIA,INDIA,ASIA,175
1961-02-11,502,2,London,Alger,ENGLAND,ALGERIA,INTERCONTINENTAL,2261
1982-07-22,502,1,London,marseille,ENGLAND,FRANCE,EUROPE,2460
1969-02-23,502,1,London,marseille,ENGLAND,FRANCE,EUROPE,3316
1955-09-16,503,1,Los Angeles,New York,UNITED STATE OF AMERICA,UNITED STATE OF AMERICA,AMERICA,1126
2016-04-10,506,3,marseille,London,FRANCE,ENGLAND,EUROPE,3516
1924-02-25,506,1,marseille,marseille,FRANCE,FRANCE,EUROPE,2818
1940-11-25,509,3,Alger,New York,ALGERIA,UNITED STATE OF AMERICA,INTERCONTINENTAL,2761
1967-05-26,513,3,Liverpool,Barcelona,ENGLAND,ESPAGNE,EUROPE,1627
1996-05-16,523,3,marseille,Liverpool,FRANCE,ENGLAND,EUROPE,114
1935-03-16,525,2,New York,Oran,UNITED STATE OF AMERICA,ALGERIA,INTERCONTINENTAL,4311
1925-11-23,526,2,London,brest,ENGLAND,FRANCE,EUROPE,276
1921-06-24,526,2,brest,marseille,FRANCE,FRANCE,EUROPE,161
2014-08-18,527,3,Dublin,la rochelle,IRLAND,FRANCE,EUROPE,17
1984-04-27,527,1,marseille,Napoli,FRANCE,ITALIE,EUROPE,92
2002-09-10,528,3,Barcelona,Barcelona,ESPAGNE,ESPAGNE,EUROPE,58
1975-10-02,530,1,marseille,Barcelona,FRANCE,ESPAGNE,EUROPE,702
1972-09-25,530,1,Barcelona,Napoli,ESPAGNE,ITALIE,EUROPE,702
1972-11-17,530,1,Liverpool,Napoli,ENGLAND,ITALIE,EUROPE,702
1918-04-07,530,3,New York,Monreal,UNITED STATE OF AMERICA,CANADA,AMERICA,613
1949-10-25,535,2,marseille,Los Angeles,FRANCE,UNITED STATE OF AMERICA,INTERCONTINENTAL,313
1939-08-03,541,3,Los Angeles,marseille,UNITED STATE OF AMERICA,FRANCE,INTERCONTINENTAL,3854
1980-07-19,541,3,New York,London,UNITED STATE OF AMERICA,ENGLAND,INTERCONTINENTAL,3854
1939-09-24,541,1,New York,New York,UNITED STATE OF AMERICA,UNITED STATE OF AMERICA,AMERICA,3854
1938-06-01,541,1,marseille,London,FRANCE,ENGLAND,EUROPE,3854
1989-07-27,541,3,marseille,Oran,FRANCE,ALGERIA,INTERCONTINENTAL,1847
1980-06-17,545,3,Salerne,Salerne,ITALIE,ITALIE,EUROPE,64
1939-10-08,551,2,London,marseille,ENGLAND,FRANCE,EUROPE,690
1981-10-24,551,3,Los Angeles,London,UNITED STATE OF AMERICA,ENGLAND,INTERCONTINENTAL,2229
2020-02-12,551,2,Los Angeles,marseille,UNITED STATE OF AMERICA,FRANCE,INTERCONTINENTAL,99
1987-09-03,551,1,London,marseille,ENGLAND,FRANCE,EUROPE,2229
1927-10-13,551,2,London,London,ENGLAND,ENGLAND,EUROPE,2229
1995-08-10,553,1,Salerne,la rochelle,ITALIE,FRANCE,EUROPE,47
1998-12-26,559,2,Liverpool,Napoli,ENGLAND,ITALIE,EUROPE,107
1976-07-17,561,3,London,marseille,ENGLAND,FRANCE,EUROPE,3894
2008-05-13,561,3,marseille,London,FRANCE,ENGLAND,EUROPE,3894
1913-12-24,561,2,marseille,London,FRANCE,ENGLAND,EUROPE,3894
1959-06-17,563,1,Liverpool,London,ENGLAND,ENGLAND,EUROPE,988
1948-04-15,563,1,Elizabeth,Oran,SOUTH AFRICA,ALGERIA,AFRICA,988
1916-08-03,566,1,Alger,Alger,ALGERIA,ALGERIA,AFRICA,36
1944-03-18,568,3,Annaba,marseille,ALGERIA,FRANCE,INTERCONTINENTAL,3052
1906-05-10,568,3,Oran,Annaba,ALGERIA,ALGERIA,AFRICA,4204
1943-06-26,570,2,Alger,Oran,ALGERIA,ALGERIA,AFRICA,1525
1997-04-25,570,1,London,marseille,ENGLAND,FRANCE,EUROPE,2345
1977-02-13,572,1,Salerne,Napoli,ITALIE,ITALIE,EUROPE,26
2001-12-18,573,2,marseille,New York,FRANCE,UNITED STATE OF AMERICA,INTERCONTINENTAL,3219
1988-04-28,573,2,New York,London,UNITED STATE OF AMERICA,ENGLAND,INTERCONTINENTAL,3219
1900-12-14,573,1,Los Angeles,Los Angeles,UNITED STATE OF AMERICA,UNITED STATE OF AMERICA,AMERICA,3219
2019-08-10,573,1,New York,New York,UNITED STATE OF AMERICA,UNITED STATE OF AMERICA,AMERICA,3219
1966-10-12,573,1,London,London,ENGLAND,ENGLAND,EUROPE,86
2007-03-14,573,3,marseille,marseille,FRANCE,FRANCE,EUROPE,2418
1984-05-25,574,3,Salerne,Liverpool,ITALIE,ENGLAND,EUROPE,16
1970-01-12,574,3,Barcelona,la rochelle,ESPAGNE,FRANCE,EUROPE,14
1926-03-07,575,3,Los Angeles,Los Angeles,UNITED STATE OF AMERICA,UNITED STATE OF AMERICA,AMERICA,1468
2003-05-10,578,3,Casablanca,Elizabeth,MAROC,SOUTH AFRICA,AFRICA,24
2010-01-06,580,2,marseille,London,FRANCE,ENGLAND,EUROPE,2480
1984-01-25,580,1,London,London,ENGLAND,ENGLAND,EUROPE,2910
1923-02-19,580,2,London,London,ENGLAND,ENGLAND,EUROPE,1048
1973-07-11,580,1,marseille,London,FRANCE,ENGLAND,EUROPE,2955
1979-02-15,580,2,marseille,marseille,FRANCE,FRANCE,EUROPE,651
1958-06-01,581,1,Liverpool,London,ENGLAND,ENGLAND,EUROPE,1977
1918-09-12,582,1,Barcelona,Napoli,ESPAGNE,ITALIE,EUROPE,1200
1919-12-01,584,2,Napoli,Liverpool,ITALIE,ENGLAND,EUROPE,1624
1924-06-25,592,2,London,Annaba,ENGLAND,ALGERIA,INTERCONTINENTAL,2666
1939-01-06,593,3,Elizabeth,Elizabeth,SOUTH AFRICA,SOUTH AFRICA,AFRICA,1743
1970-01-21,594,3,London,Napoli,ENGLAND,ITALIE,EUROPE,166
1953-02-21,594,2,De satntos,Buenos Aires,BRAZIL,ARGENTINA,AMERICA,46
1941-05-23,594,3,Santa Maria,New York,PEROU,UNITED STATE OF AMERICA,AMERICA,76
2015-08-28,596,2,Barcelona,Napoli,ESPAGNE,ITALIE,EUROPE,623
1977-04-14,596,1,London,marseille,ENGLAND,FRANCE,EUROPE,623
1935-12-19,599,1,Barcelona,Napoli,ESPAGNE,ITALIE,EUROPE,203
2007-03-24,602,3,Liverpool,marseille,ENGLAND,FRANCE,EUROPE,505
1963-07-23,608,3,London,Annaba,ENGLAND,ALGERIA,INTERCONTINENTAL,4820
1944-09-28,610,3,Alger,Los Angeles,ALGERIA,UNITED STATE OF AMERICA,INTERCONTINENTAL,2246
1921-02-06,610,2,Los Angeles,Annaba,UNITED STATE OF AMERICA,ALGERIA,INTERCONTINENTAL,581
1931-01-28,610,2,Alger,Los Angeles,ALGERIA,UNITED STATE OF AMERICA,INTERCONTINENTAL,2246
1925-07-13,611,1,Alger,Elizabeth,ALGERIA,SOUTH AFRICA,AFRICA,820
1951-08-17,613,2,la rochelle,brest,FRANCE,FRANCE,EUROPE,150
1921-11-12,615,3,Los Angeles,London,UNITED STATE OF AMERICA,ENGLAND,INTERCONTINENTAL,2594
1964-11-12,615,3,Los Angeles,Los Angeles,UNITED STATE OF AMERICA,UNITED STATE OF AMERICA,AMERICA,2594
1930-08-20,618,3,marseille,marseille,FRANCE,FRANCE,EUROPE,2634
1954-07-04,618,1,London,marseille,ENGLAND,FRANCE,EUROPE,4727
1992-01-26,618,1,Los Angeles,New York,UNITED STATE OF AMERICA,UNITED STATE OF AMERICA,AMERICA,28
1993-07-13,618,3,New York,London,UNITED STATE OF AMERICA,ENGLAND,INTERCONTINENTAL,2746
1915-05-21,618,2,New York,marseille,UNITED STATE OF AMERICA,FRANCE,INTERCONTINENTAL,345
1953-01-20,618,2,Los Angeles,Los Angeles,UNITED STATE OF AMERICA,UNITED STATE OF AMERICA,AMERICA,4089
1933-06-24,619,1,Oran,Alger,ALGERIA,ALGERIA,AFRICA,2140
1953-12-25,619,2,Oran,London,ALGERIA,ENGLAND,INTERCONTINENTAL,3246
1903-01-04,620,2,New York,London,UNITED STATE OF AMERICA,ENGLAND,INTERCONTINENTAL,4571
1920-02-23,620,3,New York,Los Angeles,UNITED STATE OF AMERICA,UNITED STATE OF AMERICA,AMERICA,4571
2018-11-24,622,2,Los Angeles,New York,UNITED STATE OF AMERICA,UNITED STATE OF AMERICA,AMERICA,850
1914-03-08,622,2,marseille,Barcelona,FRANCE,ESPAGNE,EUROPE,324
1960-11-27,624,3,Annaba,New York,ALGERIA,UNITED STATE OF AMERICA,INTERCONTINENTAL,269
1959-06-03,624,3,New York,marseille,UNITED STATE OF AMERICA,FRANCE,INTERCONTINENTAL,2856
1913-02-22,624,2,Annaba,New York,ALGERIA,UNITED STATE OF AMERICA,INTERCONTINENTAL,4685
1925-09-17,624,2,marseille,London,FRANCE,ENGLAND,EUROPE,4685
1997-11-25,624,2,marseille,London,FRANCE,ENGLAND,EUROPE,1344
1966-07-08,644,1,Lisbonne,Napoli,PORTUGAL,ITALIE,EUROPE,116
1982-01-08,644,3,Buenos Aires,Buenos Aires,ARGENTINA,ARGENTINA,AMERICA,228
1935-12-11,644,2,Napoli,Barcelona,ITALIE,ESPAGNE,EUROPE,228
1961-03-12,645,2,marseille,Los Angeles,FRANCE,UNITED STATE OF AMERICA,INTERCONTINENTAL,3052
1941-04-23,645,1,Los Angeles,New York,UNITED STATE OF AMERICA,UNITED STATE OF AMERICA,AMERICA,1625
1987-11-18,645,1,Oran,Oran,ALGERIA,ALGERIA,AFRICA,3052
2003-10-08,645,2,Annaba,Annaba,ALGERIA,ALGERIA,AFRICA,231
1921-04-21,645,3,Alger,Alger,ALGERIA,ALGERIA,AFRICA,830
1963-09-10,645,3,London,London,ENGLAND,ENGLAND,EUROPE,3052
1930-01-28,649,3,Oran,New York,ALGERIA,UNITED STATE OF AMERICA,INTERCONTINENTAL,3741
1924-09-18,650,3,marseille,brest,FRANCE,FRANCE,EUROPE,4
1909-08-21,652,1,Porto,Barcelona,PORTUGAL,ESPAGNE,EUROPE,970
1905-10-22,652,1,London,Napoli,ENGLAND,ITALIE,EUROPE,670
1960-12-12,653,3,Barcelona,Porto,ESPAGNE,PORTUGAL,EUROPE,428
1926-03-06,654,3,Annaba,marseille,ALGERIA,FRANCE,INTERCONTINENTAL,3283
1979-01-19,654,2,Oran,Oran,ALGERIA,ALGERIA,AFRICA,3283
1979-09-27,660,1,Los Angeles,Los Angeles,UNITED STATE OF AMERICA,UNITED STATE OF AMERICA,AMERICA,41
1909-06-08,660,1,London,marseille,ENGLAND,FRANCE,EUROPE,1242
1996-03-17,660,2,London,marseille,ENGLAND,FRANCE,EUROPE,2151
1903-04-02,662,2,la rochelle,Salerne,FRANCE,ITALIE,EUROPE,94
2020-09-23,663,3,marseille,Liverpool,FRANCE,ENGLAND,EUROPE,1128
1904-11-11,666,3,London,London,ENGLAND,ENGLAND,EUROPE,104
1993-01-05,669,3,Elizabeth,Annaba,SOUTH AFRICA,ALGERIA,AFRICA,1015
1996-01-19,674,3,la rochelle,la rochelle,FRANCE,FRANCE,EUROPE,180
1952-01-08,675,2,Alger,Annaba,ALGERIA,ALGERIA,AFRICA,527
2007-03-10,678,2,London,Lisbonne,ENGLAND,PORTUGAL,EUROPE,269
2021-08-08,684,2,marseille,Alger,FRANCE,ALGERIA,INTERCONTINENTAL,489
1991-08-11,684,1,Alger,Oran,ALGERIA,ALGERIA,AFRICA,3238
1975-02-03,684,2,London,marseille,ENGLAND,FRANCE,EUROPE,2946
1900-05-14,686,2,Porto,Barcelona,PORTUGAL,ESPAGNE,EUROPE,146
1961-06-16,694,3,New York,Los Angeles,UNITED STATE OF AMERICA,UNITED STATE OF AMERICA,AMERICA,562
1999-05-19,695,2,Napoli,la rochelle,ITALIE,FRANCE,EUROPE,452
2002-07-14,697,2,Alger,Oran,ALGERIA,ALGERIA,AFRICA,998
1949-07-21,697,1,London,marseille,ENGLAND,FRANCE,EUROPE,997
1998-09-06,697,1,Barcelona,Liverpool,ESPAGNE,ENGLAND,EUROPE,1518
1925-11-01,698,3,Liverpool,la rochelle,ENGLAND,FRANCE,EUROPE,207
1910-03-17,699,1,Liverpool,Lisbonne,ENGLAND,PORTUGAL,EUROPE,132
1912-11-13,703,3,Napoli,Napoli,ITALIE,ITALIE,EUROPE,1107
1963-04-03,703,1,Napoli,Napoli,ITALIE,ITALIE,EUROPE,1902
1986-09-23,706,3,Los Angeles,New York,UNITED STATE OF AMERICA,UNITED STATE OF AMERICA,AMERICA,2366
1994-04-06,706,2,marseille,Oran,FRANCE,ALGERIA,INTERCONTINENTAL,1217
1936-07-19,708,2,brest,London,FRANCE,ENGLAND,EUROPE,142
1973-09-22,710,3,Liverpool,Barcelona,ENGLAND,ESPAGNE,EUROPE,953
1933-05-03,713,3,London,Oran,ENGLAND,ALGERIA,INTERCONTINENTAL,2660
1951-03-18,713,2,Oran,Oran,ALGERIA,ALGERIA,AFRICA,4792
1946-11-17,713,3,marseille,Oran,FRANCE,ALGERIA,INTERCONTINENTAL,1074
1941-12-13,713,2,Annaba,Annaba,ALGERIA,ALGERIA,AFRICA,1078
1917-08-24,717,1,marseille,Barcelona,FRANCE,ESPAGNE,EUROPE,990
1918-02-27,717,1,London,Napoli,ENGLAND,ITALIE,EUROPE,990
1923-01-21,720,2,Alger,marseille,ALGERIA,FRANCE,INTERCONTINENTAL,4755
1931-08-03,720,3,London,Annaba,ENGLAND,ALGERIA,INTERCONTINENTAL,4755
1986-04-06,720,2,London,London,ENGLAND,ENGLAND,EUROPE,4755
2020-09-22,721,1,New York,New York,UNITED STATE OF AMERICA,UNITED STATE OF AMERICA,AMERICA,4315
2003-07-11,725,3,Annaba,Oran,ALGERIA,ALGERIA,AFRICA,4966
1914-07-01,725,3,Los Angeles,Los Angeles,UNITED STATE OF AMERICA,UNITED STATE OF AMERICA,AMERICA,1908
2019-10-09,725,2,New York,Annaba,UNITED STATE OF AMERICA,ALGERIA,INTERCONTINENTAL,4548
1955-04-02,725,3,marseille,London,FRANCE,ENGLAND,EUROPE,4066
1953-06-02,725,3,London,London,ENGLAND,ENGLAND,EUROPE,4966
1991-04-24,725,3,London,marseille,ENGLAND,FRANCE,EUROPE,4966
1908-12-22,729,3,Liverpool,marseille,ENGLAND,FRANCE,EUROPE,905
1962-07-18,729,2,Napoli,marseille,ITALIE,FRANCE,EUROPE,1301
1978-06-07,730,2,Los Angeles,Oran,UNITED STATE OF AMERICA,ALGERIA,INTERCONTINENTAL,3554
1956-12-28,731,1,Barcelona,Liverpool,ESPAGNE,ENGLAND,EUROPE,11
1961-12-24,731,1,Buenos Aires,Monreal,ARGENTINA,CANADA,AMERICA,18
1980-05-12,731,1,brest,Dublin,FRANCE,IRLAND,EUROPE,22
1989-09-11,743,2,Porto,Porto,PORTUGAL,PORTUGAL,EUROPE,599
1920-02-18,745,2,Annaba,Oran,ALGERIA,ALGERIA,AFRICA,1558
1919-03-05,745,3,Napoli,Napoli,ITALIE,ITALIE,EUROPE,1097
1919-08-11,745,3,Elizabeth,Oran,SOUTH AFRICA,ALGERIA,AFRICA,1558
1956-03-27,745,2,Liverpool,marseille,ENGLAND,FRANCE,EUROPE,1558
1905-07-03,746,3,London,Los Angeles,ENGLAND,UNITED STATE OF AMERICA,INTERCONTINENTAL,2675
1947-01-11,746,2,marseille,marseille,FRANCE,FRANCE,EUROPE,4154
1970-11-14,746,3,Los Angeles,Oran,UNITED STATE OF AMERICA,ALGERIA,INTERCONTINENTAL,3331
2016-01-15,751,3,London,Oran,ENGLAND,ALGERIA,INTERCONTINENTAL,3875
1999-02-02,752,1,Liverpool,Liverpool,ENGLAND,ENGLAND,EUROPE,260
1919-07-14,752,2,Liverpool,Liverpool,ENGLAND,ENGLAND,EUROPE,1347
1932-07-10,752,3,Napoli,Barcelona,ITALIE,ESPAGNE,EUROPE,1430
1970-06-24,752,3,Oran,Elizabeth,ALGERIA,SOUTH AFRICA,AFRICA,1263
1966-06-10,754,1,New York,New York,UNITED STATE OF AMERICA,UNITED STATE OF AMERICA,AMERICA,1097
1932-08-23,754,1,marseille,Napoli,FRANCE,ITALIE,EUROPE,1097
1913-09-23,755,2,brest,Napoli,FRANCE,ITALIE,EUROPE,81
1970-02-20,757,2,la rochelle,Barcelona,FRANCE,ESPAGNE,EUROPE,426
1982-07-14,758,3,London,marseille,ENGLAND,FRANCE,EUROPE,2902
2005-04-01,758,2,Oran,Alger,ALGERIA,ALGERIA,AFRICA,2902
1942-03-10,758,1,Oran,Oran,ALGERIA,ALGERIA,AFRICA,2902
1941-08-09,759,2,New York,Buenos Aires,UNITED STATE OF AMERICA,ARGENTINA,AMERICA,75
1907-11-04,759,3,Napoli,Porto,ITALIE,PORTUGAL,EUROPE,368
1979-06-19,759,3,Liverpool,Porto,ENGLAND,PORTUGAL,EUROPE,297
1998-08-17,759,3,marseille,London,FRANCE,ENGLAND,EUROPE,552
1931-03-25,760,3,Los Angeles,Alger,UNITED STATE OF AMERICA,ALGERIA,INTERCONTINENTAL,2750
2011-03-26,761,2,New York,Alger,UNITED STATE OF AMERICA,ALGERIA,INTERCONTINENTAL,3919
1956-06-06,763,3,Alger,marseille,ALGERIA,FRANCE,INTERCONTINENTAL,868
1938-12-23,763,1,London,London,ENGLAND,ENGLAND,EUROPE,2347
1979-05-22,763,2,London,marseille,ENGLAND,FRANCE,EUROPE,2347
1924-02-07,764,2,Barcelona,London,ESPAGNE,ENGLAND,EUROPE,552
2017-02-17,764,2,Napoli,Liverpool,ITALIE,ENGLAND,EUROPE,832
1923-10-26,765,1,New York,New York,UNITED STATE OF AMERICA,UNITED STATE OF AMERICA,AMERICA,3862
1922-10-02,765,2,marseille,marseille,FRANCE,FRANCE,EUROPE,3862
1956-11-22,765,2,New York,Annaba,UNITED STATE OF AMERICA,ALGERIA,INTERCONTINENTAL,3202
2007-01-28,767,3,Lisbonne,London,PORTUGAL,ENGLAND,EUROPE,17
1959-12-21,770,1,la rochelle,Napoli,FRANCE,ITALIE,EUROPE,420
1992-01-05,771,3,marseille,marseille,FRANCE,FRANCE,EUROPE,229
1921-01-04,775,3,marseille,la rochelle,FRANCE,FRANCE,EUROPE,41
1940-06-20,784,3,Barcelona,la rochelle,ESPAGNE,FRANCE,EUROPE,195
1939-12-27,784,1,Lisbonne,Lisbonne,PORTUGAL,PORTUGAL,EUROPE,43
1974-04-03,786,1,Oran,Alger,ALGERIA,ALGERIA,AFRICA,3575
1970-11-22,790,3,Barcelona,Lisbonne,ESPAGNE,PORTUGAL,EUROPE,661
1959-07-07,792,1,Elizabeth,Oran,SOUTH AFRICA,ALGERIA,AFRICA,1318
1903-04-08,793,2,Los Angeles,Los Angeles,UNITED STATE OF AMERICA,UNITED STATE OF AMERICA,AMERICA,242
1985-11-04,793,3,marseille,Annaba,FRANCE,ALGERIA,INTERCONTINENTAL,3631
1954-10-20,798,3,Los Angeles,Los Angeles,UNITED STATE OF AMERICA,UNITED STATE OF AMERICA,AMERICA,2489
1908-07-19,798,3,New York,marseille,UNITED STATE OF AMERICA,FRANCE,INTERCONTINENTAL,2489
2021-10-08,803,2,London,Liverpool,ENGLAND,ENGLAND,EUROPE,407
1936-11-22,805,3,Los Angeles,Monreal,UNITED STATE OF AMERICA,CANADA,AMERICA,97
1917-10-07,821,2,Dublin,Napoli,IRLAND,ITALIE,EUROPE,6
1900-10-18,824,3,Napoli,London,ITALIE,ENGLAND,EUROPE,1971
1916-06-12,828,2,Alger,Annaba,ALGERIA,ALGERIA,AFRICA,3537
1944-02-04,828,1,Alger,Oran,ALGERIA,ALGERIA,AFRICA,110
1934-10-01,828,1,London,marseille,ENGLAND,FRANCE,EUROPE,4866
1973-07-14,828,1,marseille,marseille,FRANCE,FRANCE,EUROPE,4866
2003-10-08,828,1,marseille,London,FRANCE,ENGLAND,EUROPE,4866
1978-11-24,834,1,marseille,marseille,FRANCE,FRANCE,EUROPE,2787
1988-12-25,835,2,Los Angeles,New York,UNITED STATE OF AMERICA,UNITED STATE OF AMERICA,AMERICA,1572
1930-11-14,835,2,Alger,Los Angeles,ALGERIA,UNITED STATE OF AMERICA,INTERCONTINENTAL,247
1995-12-03,835,2,New York,Alger,UNITED STATE OF AMERICA,ALGERIA,INTERCONTINENTAL,1865
2005-06-01,837,2,Los Angeles,Los Angeles,UNITED STATE OF AMERICA,UNITED STATE OF AMERICA,AMERICA,4525
1974-08-16,837,1,Los Angeles,New York,UNITED STATE OF AMERICA,UNITED STATE OF AMERICA,AMERICA,4525
1944-03-14,839,2,marseille,London,FRANCE,ENGLAND,EUROPE,47
1999-04-01,843,3,Napoli,Napoli,ITALIE,ITALIE,EUROPE,1590
1991-08-19,844,1,London,Barcelona,ENGLAND,ESPAGNE,EUROPE,1236
1944-08-28,844,2,marseille,marseille,FRANCE,FRANCE,EUROPE,1845
1965-05-21,846,3,London,London,ENGLAND,ENGLAND,EUROPE,3300
1908-09-26,846,3,London,marseille,ENGLAND,FRANCE,EUROPE,1407
1934-04-06,846,3,London,marseille,ENGLAND,FRANCE,EUROPE,63
1918-09-27,846,2,marseille,marseille,FRANCE,FRANCE,EUROPE,317
1963-04-12,846,2,London,marseille,ENGLAND,FRANCE,EUROPE,1205
1963-11-10,846,1,marseille,London,FRANCE,ENGLAND,EUROPE,1654
1942-02-25,850,3,marseille,London,FRANCE,ENGLAND,EUROPE,936
1955-09-25,850,1,Porto,Porto,PORTUGAL,PORTUGAL,EUROPE,305
1905-09-23,851,1,Lisbonne,Lisbonne,PORTUGAL,PORTUGAL,EUROPE,3
2011-02-11,852,3,Elizabeth,Oran,SOUTH AFRICA,ALGERIA,AFRICA,1492
1986-05-21,852,1,marseille,Barcelona,FRANCE,ESPAGNE,EUROPE,1318
1996-07-20,852,2,Annaba,Alger,ALGERIA,ALGERIA,AFRICA,259
1964-03-17,852,2,Elizabeth,Oran,SOUTH AFRICA,ALGERIA,AFRICA,1421
1949-06-01,855,2,la rochelle,Barcelona,FRANCE,ESPAGNE,EUROPE,175
1956-04-10,857,2,New York,Los Angeles,UNITED STATE OF AMERICA,UNITED STATE OF AMERICA,AMERICA,2257
1948-03-02,857,2,Oran,New York,ALGERIA,UNITED STATE OF AMERICA,INTERCONTINENTAL,1659
1959-07-10,857,3,marseille,marseille,FRANCE,FRANCE,EUROPE,749
1941-10-22,858,3,Barcelona,London,ESPAGNE,ENGLAND,EUROPE,39
2019-09-03,858,2,Yingkou ,Yingkou ,CHINA,CHINA,ASIA,331
2014-06-24,858,2,Porto,Lisbonne,PORTUGAL,PORTUGAL,EUROPE,118
1979-07-10,863,1,London,London,ENGLAND,ENGLAND,EUROPE,2865
1902-04-02,863,3,Alger,Oran,ALGERIA,ALGERIA,AFRICA,444
1921-09-28,863,3,marseille,Alger,FRANCE,ALGERIA,INTERCONTINENTAL,2899
1983-11-22,867,2,Lisbonne,Lisbonne,PORTUGAL,PORTUGAL,EUROPE,406
1901-11-04,867,3,Porto,la rochelle,PORTUGAL,FRANCE,EUROPE,139
1969-03-09,870,2,Barcelona,Barcelona,ESPAGNE,ESPAGNE,EUROPE,72
1901-10-28,870,2,Liverpool,Liverpool,ENGLAND,ENGLAND,EUROPE,164
1968-06-16,880,3,brest,Liverpool,FRANCE,ENGLAND,EUROPE,34
1919-12-03,881,2,marseille,London,FRANCE,ENGLAND,EUROPE,1558
1970-02-10,884,2,Alger,Annaba,ALGERIA,ALGERIA,AFRICA,69
1973-03-08,885,1,Liverpool,marseille,ENGLAND,FRANCE,EUROPE,1196
1957-11-26,886,3,Lisbonne,Napoli,PORTUGAL,ITALIE,EUROPE,23
1959-10-20,887,3,London,Barcelona,ENGLAND,ESPAGNE,EUROPE,428
1946-05-22,888,3,Oran,marseille,ALGERIA,FRANCE,INTERCONTINENTAL,76
1995-09-14,889,1,la rochelle,London,FRANCE,ENGLAND,EUROPE,17
1907-12-13,889,3,Liverpool,Porto,ENGLAND,PORTUGAL,EUROPE,76
2004-09-12,890,2,Napoli,Liverpool,ITALIE,ENGLAND,EUROPE,626
1945-03-01,892,1,Annaba,Alger,ALGERIA,ALGERIA,AFRICA,3597
2021-12-17,892,1,Los Angeles,Los Angeles,UNITED STATE OF AMERICA,UNITED STATE OF AMERICA,AMERICA,3597
2002-01-10,892,3,New York,Alger,UNITED STATE OF AMERICA,ALGERIA,INTERCONTINENTAL,3119
1957-03-15,893,2,Los Angeles,marseille,UNITED STATE OF AMERICA,FRANCE,INTERCONTINENTAL,4609
1978-09-05,893,2,London,London,ENGLAND,ENGLAND,EUROPE,3137
1964-03-09,897,2,Annaba,London,ALGERIA,ENGLAND,INTERCONTINENTAL,3991
1959-03-05,897,1,Alger,Alger,ALGERIA,ALGERIA,AFRICA,3331
2018-12-22,897,1,Annaba,Annaba,ALGERIA,ALGERIA,AFRICA,661
1983-09-16,897,3,marseille,marseille,FRANCE,FRANCE,EUROPE,721
2014-08-24,897,2,Alger,Annaba,ALGERIA,ALGERIA,AFRICA,2057
1947-01-07,897,3,Annaba,London,ALGERIA,ENGLAND,INTERCONTINENTAL,3991
1963-02-22,908,3,Annaba,marseille,ALGERIA,FRANCE,INTERCONTINENTAL,4602
2012-07-09,913,3,New York,Oran,UNITED STATE OF AMERICA,ALGERIA,INTERCONTINENTAL,3896
2017-12-22,914,3,Annaba,Elizabeth,ALGERIA,SOUTH AFRICA,AFRICA,438
1950-02-04,919,3,London,Oran,ENGLAND,ALGERIA,INTERCONTINENTAL,2621
1941-12-08,919,3,marseille,Oran,FRANCE,ALGERIA,INTERCONTINENTAL,2258
1989-02-23,922,3,marseille,Lisbonne,FRANCE,PORTUGAL,EUROPE,651
1951-03-23,924,2,Yingkou ,Yingkou ,CHINA,CHINA,ASIA,22
1993-11-02,928,3,Oran,New York,ALGERIA,UNITED STATE OF AMERICA,INTERCONTINENTAL,3605
1931-06-01,928,3,Los Angeles,Los Angeles,UNITED STATE OF AMERICA,UNITED STATE OF AMERICA,AMERICA,3605
1912-07-05,928,2,New York,London,UNITED STATE OF AMERICA,ENGLAND,INTERCONTINENTAL,321
2007-10-19,928,1,Annaba,Annaba,ALGERIA,ALGERIA,AFRICA,302
1986-10-09,938,2,Elizabeth,Elizabeth,SOUTH AFRICA,SOUTH AFRICA,AFRICA,1625
1983-04-07,945,2,marseille,London,FRANCE,ENGLAND,EUROPE,3486
1915-01-09,945,3,Oran,Los Angeles,ALGERIA,UNITED STATE OF AMERICA,INTERCONTINENTAL,3486
1962-02-09,948,1,Liverpool,London,ENGLAND,ENGLAND,EUROPE,361
1959-07-24,948,2,marseille,Lisbonne,FRANCE,PORTUGAL,EUROPE,361
2018-02-06,949,1,Los Angeles,Los Angeles,UNITED STATE OF AMERICA,UNITED STATE OF AMERICA,AMERICA,4194
2005-04-02,949,3,London,London,ENGLAND,ENGLAND,EUROPE,4194
1916-05-08,953,2,Porto,London,PORTUGAL,ENGLAND,EUROPE,235
2012-01-09,957,3,London,brest,ENGLAND,FRANCE,EUROPE,276
1988-03-17,964,1,Oran,Annaba,ALGERIA,ALGERIA,AFRICA,2770
1907-06-17,965,2,marseille,London,FRANCE,ENGLAND,EUROPE,3782
1911-06-22,966,3,New York,Los Angeles,UNITED STATE OF AMERICA,UNITED STATE OF AMERICA,AMERICA,1721
1993-08-19,966,2,New York,marseille,UNITED STATE OF AMERICA,FRANCE,INTERCONTINENTAL,2343
1963-06-14,972,2,New York,New York,UNITED STATE OF AMERICA,UNITED STATE OF AMERICA,AMERICA,898
1996-08-22,972,3,Los Angeles,London,UNITED STATE OF AMERICA,ENGLAND,INTERCONTINENTAL,1556
2005-09-28,972,3,Alger,Oran,ALGERIA,ALGERIA,AFRICA,1893
1944-05-24,972,3,Alger,Alger,ALGERIA,ALGERIA,AFRICA,3429
2007-06-09,972,2,Annaba,New York,ALGERIA,UNITED STATE OF AMERICA,INTERCONTINENTAL,1756
2008-05-07,974,1,Barcelona,London,ESPAGNE,ENGLAND,EUROPE,1928
1989-11-24,976,1,Oran,Oran,ALGERIA,ALGERIA,AFRICA,2105
1947-12-21,977,1,marseille,marseille,FRANCE,FRANCE,EUROPE,1996
1922-04-01,982,2,New York,Monreal,UNITED STATE OF AMERICA,CANADA,AMERICA,87
1996-08-25,983,1,Annaba,Annaba,ALGERIA,ALGERIA,AFRICA,1053
1977-05-22,983,1,marseille,London,FRANCE,ENGLAND,EUROPE,2119
1966-06-22,983,3,Annaba,Oran,ALGERIA,ALGERIA,AFRICA,1120
1975-05-13,983,3,London,New York,ENGLAND,UNITED STATE OF AMERICA,INTERCONTINENTAL,2119
1956-06-17,983,3,London,Alger,ENGLAND,ALGERIA,INTERCONTINENTAL,2119
1982-02-03,984,1,Los Angeles,New York,UNITED STATE OF AMERICA,UNITED STATE OF AMERICA,AMERICA,2333
1933-03-06,984,2,Los Angeles,Los Angeles,UNITED STATE OF AMERICA,UNITED STATE OF AMERICA,AMERICA,2701
1928-11-16,984,2,Los Angeles,New York,UNITED STATE OF AMERICA,UNITED STATE OF AMERICA,AMERICA,4081
2020-12-20,985,3,Alger,Alger,ALGERIA,ALGERIA,AFRICA,994
2018-06-18,990,2,Napoli,brest,ITALIE,FRANCE,EUROPE,66
1937-06-04,991,1,brest,Napoli,FRANCE,ITALIE,EUROPE,38
1931-04-02,992,1,Monreal,De satntos,CANADA,BRAZIL,AMERICA,442
1953-03-11,996,3,Elizabeth,Alger,SOUTH AFRICA,ALGERIA,AFRICA,274
1937-12-10,998,1,Porto,marseille,PORTUGAL,FRANCE,EUROPE,0
